2025-08-22 15:17:30,679 [INFO] [INICIO] Serviço Contabilina_arquivos iniciado!
2025-08-22 15:17:30,681 [INFO] [MONITOR] Monitorando a pasta por novos arquivos...
2025-08-22 15:17:30,681 [INFO] [MONITOR] Pasta monitorada: C:\Users\carlos.santos\Desktop\App_XML
2025-08-22 15:17:30,681 [INFO] [INICIO] Carregando ícone: c:\Users\carlos.santos\Desktop\App_XML\imagens\CONTABELINA.ico
2025-08-22 15:17:30,688 [INFO] [MONITOR] Arquivos encontrados: ['.gitattributes', '.gitignore', 'app.py', 'atualiza_admin_permissoes.py', 'atualiza_datas_xml.py', 'atualiza_documentos_sql.py', 'atualiza_usuario_documentos.py', 'config.toml', 'config_auth.yaml', 'Contabilina.py', 'Contabilina.spec', 'Contabilina_arquivos.spec', 'credenciais.json', 'cria_tabela_empresas.py', 'docker-compose.yml', 'empresas.db', 'index_embutido_streamlit.html', 'logo.png', 'Papel Timbrado A4 Médica Receituário Elegante Dourado (1).pdf', 'README.md', 'registrar_usuario_eliane.py', 'requirements.txt', 'rodar_app.bat', 'rodar_backup_automatico.bat', 'usuarios.db', 'usuarios_cadastrados.txt', 'yExportaRequirements.bat']
2025-08-22 15:17:30,689 [INFO] [MONITOR] Processando .gitattributes...
2025-08-22 15:17:30,689 [INFO] Enviando C:\Users\carlos.santos\Desktop\App_XML\.gitattributes para o Google Drive: ['ALENCAR CONTABILIDADE LTDA', 'ARQUIVOS', 'outros', '2025', '08']
2025-08-22 15:17:30,692 [ERROR] Erro ao enviar/mover arquivo: GoogleAuth.ServiceAuth() takes 1 positional argument but 2 were given
2025-08-22 15:17:30,692 [INFO] [MONITOR] Processando .gitignore...
2025-08-22 15:17:30,692 [INFO] Enviando C:\Users\carlos.santos\Desktop\App_XML\.gitignore para o Google Drive: ['ALENCAR CONTABILIDADE LTDA', 'ARQUIVOS', 'outros', '2025', '08']
2025-08-22 15:17:30,694 [ERROR] Erro ao enviar/mover arquivo: GoogleAuth.ServiceAuth() takes 1 positional argument but 2 were given
2025-08-22 15:17:30,695 [INFO] [MONITOR] Processando app.py...
2025-08-22 15:17:30,695 [INFO] Enviando C:\Users\carlos.santos\Desktop\App_XML\app.py para o Google Drive: ['ALENCAR CONTABILIDADE LTDA', 'ARQUIVOS', 'py', '2025', '08']
2025-08-22 15:17:30,696 [ERROR] Erro ao enviar/mover arquivo: GoogleAuth.ServiceAuth() takes 1 positional argument but 2 were given
2025-08-22 15:17:30,696 [INFO] [MONITOR] Processando atualiza_admin_permissoes.py...
2025-08-22 15:17:30,696 [INFO] Enviando C:\Users\carlos.santos\Desktop\App_XML\atualiza_admin_permissoes.py para o Google Drive: ['ALENCAR CONTABILIDADE LTDA', 'ARQUIVOS', 'py', '2025', '08']
2025-08-22 15:17:30,698 [ERROR] Erro ao enviar/mover arquivo: GoogleAuth.ServiceAuth() takes 1 positional argument but 2 were given
2025-08-22 15:17:30,698 [INFO] [MONITOR] Processando atualiza_datas_xml.py...
2025-08-22 15:17:30,698 [INFO] Enviando C:\Users\carlos.santos\Desktop\App_XML\atualiza_datas_xml.py para o Google Drive: ['ALENCAR CONTABILIDADE LTDA', 'ARQUIVOS', 'py', '2025', '08']
2025-08-22 15:17:30,699 [ERROR] Erro ao enviar/mover arquivo: GoogleAuth.ServiceAuth() takes 1 positional argument but 2 were given
2025-08-22 15:17:30,699 [INFO] [MONITOR] Processando atualiza_documentos_sql.py...
2025-08-22 15:17:30,700 [INFO] Enviando C:\Users\carlos.santos\Desktop\App_XML\atualiza_documentos_sql.py para o Google Drive: ['ALENCAR CONTABILIDADE LTDA', 'ARQUIVOS', 'py', '2025', '08']
2025-08-22 15:17:30,703 [ERROR] Erro ao enviar/mover arquivo: GoogleAuth.ServiceAuth() takes 1 positional argument but 2 were given
2025-08-22 15:17:30,703 [INFO] [MONITOR] Processando atualiza_usuario_documentos.py...
2025-08-22 15:17:30,703 [INFO] Enviando C:\Users\carlos.santos\Desktop\App_XML\atualiza_usuario_documentos.py para o Google Drive: ['ALENCAR CONTABILIDADE LTDA', 'ARQUIVOS', 'py', '2025', '08']
2025-08-22 15:17:30,704 [ERROR] Erro ao enviar/mover arquivo: GoogleAuth.ServiceAuth() takes 1 positional argument but 2 were given
2025-08-22 15:17:30,705 [INFO] [MONITOR] Processando config.toml...
2025-08-22 15:17:30,705 [INFO] Enviando C:\Users\carlos.santos\Desktop\App_XML\config.toml para o Google Drive: ['ALENCAR CONTABILIDADE LTDA', 'ARQUIVOS', 'toml', '2025', '08']
2025-08-22 15:17:30,710 [ERROR] Erro ao enviar/mover arquivo: GoogleAuth.ServiceAuth() takes 1 positional argument but 2 were given
2025-08-22 15:17:30,710 [INFO] [MONITOR] Processando config_auth.yaml...
2025-08-22 15:17:30,711 [INFO] Enviando C:\Users\carlos.santos\Desktop\App_XML\config_auth.yaml para o Google Drive: ['ALENCAR CONTABILIDADE LTDA', 'ARQUIVOS', 'yaml', '2025', '08']
2025-08-22 15:17:30,712 [ERROR] Erro ao enviar/mover arquivo: GoogleAuth.ServiceAuth() takes 1 positional argument but 2 were given
2025-08-22 15:17:30,712 [INFO] [MONITOR] Processando Contabilina.py...
2025-08-22 15:17:30,712 [INFO] Enviando C:\Users\carlos.santos\Desktop\App_XML\Contabilina.py para o Google Drive: ['ALENCAR CONTABILIDADE LTDA', 'ARQUIVOS', 'py', '2025', '08']
2025-08-22 15:17:30,714 [ERROR] Erro ao enviar/mover arquivo: GoogleAuth.ServiceAuth() takes 1 positional argument but 2 were given
2025-08-22 15:17:30,714 [INFO] [MONITOR] Processando Contabilina.spec...
2025-08-22 15:17:30,715 [INFO] Enviando C:\Users\carlos.santos\Desktop\App_XML\Contabilina.spec para o Google Drive: ['ALENCAR CONTABILIDADE LTDA', 'ARQUIVOS', 'spec', '2025', '08']
2025-08-22 15:17:30,716 [ERROR] Erro ao enviar/mover arquivo: GoogleAuth.ServiceAuth() takes 1 positional argument but 2 were given
2025-08-22 15:17:30,716 [INFO] [MONITOR] Processando Contabilina_arquivos.spec...
2025-08-22 15:17:30,716 [INFO] Enviando C:\Users\carlos.santos\Desktop\App_XML\Contabilina_arquivos.spec para o Google Drive: ['ALENCAR CONTABILIDADE LTDA', 'ARQUIVOS', 'spec', '2025', '08']
2025-08-22 15:17:30,717 [ERROR] Erro ao enviar/mover arquivo: GoogleAuth.ServiceAuth() takes 1 positional argument but 2 were given
2025-08-22 15:17:30,718 [INFO] [MONITOR] Processando credenciais.json...
2025-08-22 15:17:30,718 [INFO] Enviando C:\Users\carlos.santos\Desktop\App_XML\credenciais.json para o Google Drive: ['ALENCAR CONTABILIDADE LTDA', 'ARQUIVOS', 'json', '2025', '08']
2025-08-22 15:17:30,719 [ERROR] Erro ao enviar/mover arquivo: GoogleAuth.ServiceAuth() takes 1 positional argument but 2 were given
2025-08-22 15:17:30,719 [INFO] [MONITOR] Processando cria_tabela_empresas.py...
2025-08-22 15:17:30,719 [INFO] Enviando C:\Users\carlos.santos\Desktop\App_XML\cria_tabela_empresas.py para o Google Drive: ['ALENCAR CONTABILIDADE LTDA', 'ARQUIVOS', 'py', '2025', '08']
2025-08-22 15:17:30,725 [ERROR] Erro ao enviar/mover arquivo: GoogleAuth.ServiceAuth() takes 1 positional argument but 2 were given
2025-08-22 15:17:30,725 [INFO] [MONITOR] Processando docker-compose.yml...
2025-08-22 15:17:30,725 [INFO] Enviando C:\Users\carlos.santos\Desktop\App_XML\docker-compose.yml para o Google Drive: ['ALENCAR CONTABILIDADE LTDA', 'ARQUIVOS', 'yml', '2025', '08']
2025-08-22 15:17:30,727 [ERROR] Erro ao enviar/mover arquivo: GoogleAuth.ServiceAuth() takes 1 positional argument but 2 were given
2025-08-22 15:17:30,727 [INFO] [MONITOR] Processando empresas.db...
2025-08-22 15:17:30,727 [INFO] Enviando C:\Users\carlos.santos\Desktop\App_XML\empresas.db para o Google Drive: ['ALENCAR CONTABILIDADE LTDA', 'ARQUIVOS', 'db', '2025', '08']
2025-08-22 15:17:30,728 [ERROR] Erro ao enviar/mover arquivo: GoogleAuth.ServiceAuth() takes 1 positional argument but 2 were given
2025-08-22 15:17:30,728 [INFO] [MONITOR] Processando index_embutido_streamlit.html...
2025-08-22 15:17:30,728 [INFO] Enviando C:\Users\carlos.santos\Desktop\App_XML\index_embutido_streamlit.html para o Google Drive: ['ALENCAR CONTABILIDADE LTDA', 'ARQUIVOS', 'html', '2025', '08']
2025-08-22 15:17:30,729 [ERROR] Erro ao enviar/mover arquivo: GoogleAuth.ServiceAuth() takes 1 positional argument but 2 were given
2025-08-22 15:17:30,729 [INFO] [MONITOR] Processando logo.png...
2025-08-22 15:17:30,730 [INFO] Enviando C:\Users\carlos.santos\Desktop\App_XML\logo.png para o Google Drive: ['ALENCAR CONTABILIDADE LTDA', 'ARQUIVOS', 'png', '2025', '08']
2025-08-22 15:17:30,731 [ERROR] Erro ao enviar/mover arquivo: GoogleAuth.ServiceAuth() takes 1 positional argument but 2 were given
2025-08-22 15:17:30,731 [INFO] [MONITOR] Processando Papel Timbrado A4 Médica Receituário Elegante Dourado (1).pdf...
2025-08-22 15:17:30,732 [INFO] Enviando C:\Users\carlos.santos\Desktop\App_XML\Papel Timbrado A4 Médica Receituário Elegante Dourado (1).pdf para o Google Drive: ['ALENCAR CONTABILIDADE LTDA', 'ARQUIVOS', 'pdf', '2025', '08']
2025-08-22 15:17:30,733 [ERROR] Erro ao enviar/mover arquivo: GoogleAuth.ServiceAuth() takes 1 positional argument but 2 were given
2025-08-22 15:17:30,734 [INFO] [MONITOR] Processando README.md...
2025-08-22 15:17:30,734 [INFO] Enviando C:\Users\carlos.santos\Desktop\App_XML\README.md para o Google Drive: ['ALENCAR CONTABILIDADE LTDA', 'ARQUIVOS', 'md', '2025', '08']
2025-08-22 15:17:30,735 [ERROR] Erro ao enviar/mover arquivo: GoogleAuth.ServiceAuth() takes 1 positional argument but 2 were given
2025-08-22 15:17:30,736 [INFO] [MONITOR] Processando registrar_usuario_eliane.py...
2025-08-22 15:17:30,736 [INFO] Enviando C:\Users\carlos.santos\Desktop\App_XML\registrar_usuario_eliane.py para o Google Drive: ['ALENCAR CONTABILIDADE LTDA', 'ARQUIVOS', 'py', '2025', '08']
2025-08-22 15:17:30,738 [ERROR] Erro ao enviar/mover arquivo: GoogleAuth.ServiceAuth() takes 1 positional argument but 2 were given
2025-08-22 15:17:30,738 [INFO] [MONITOR] Processando requirements.txt...
2025-08-22 15:17:30,738 [INFO] Enviando C:\Users\carlos.santos\Desktop\App_XML\requirements.txt para o Google Drive: ['ALENCAR CONTABILIDADE LTDA', 'ARQUIVOS', 'txt', '2025', '08']
2025-08-22 15:17:30,743 [ERROR] Erro ao enviar/mover arquivo: GoogleAuth.ServiceAuth() takes 1 positional argument but 2 were given
2025-08-22 15:17:30,744 [INFO] [MONITOR] Processando rodar_app.bat...
2025-08-22 15:17:30,744 [INFO] Enviando C:\Users\carlos.santos\Desktop\App_XML\rodar_app.bat para o Google Drive: ['ALENCAR CONTABILIDADE LTDA', 'ARQUIVOS', 'bat', '2025', '08']
2025-08-22 15:17:30,745 [ERROR] Erro ao enviar/mover arquivo: GoogleAuth.ServiceAuth() takes 1 positional argument but 2 were given
2025-08-22 15:17:30,746 [INFO] [MONITOR] Processando rodar_backup_automatico.bat...
2025-08-22 15:17:30,746 [INFO] Enviando C:\Users\carlos.santos\Desktop\App_XML\rodar_backup_automatico.bat para o Google Drive: ['ALENCAR CONTABILIDADE LTDA', 'ARQUIVOS', 'bat', '2025', '08']
2025-08-22 15:17:30,747 [ERROR] Erro ao enviar/mover arquivo: GoogleAuth.ServiceAuth() takes 1 positional argument but 2 were given
2025-08-22 15:17:30,748 [INFO] [MONITOR] Processando usuarios.db...
2025-08-22 15:17:30,748 [INFO] Enviando C:\Users\carlos.santos\Desktop\App_XML\usuarios.db para o Google Drive: ['ALENCAR CONTABILIDADE LTDA', 'ARQUIVOS', 'db', '2025', '08']
2025-08-22 15:17:30,749 [ERROR] Erro ao enviar/mover arquivo: GoogleAuth.ServiceAuth() takes 1 positional argument but 2 were given
2025-08-22 15:17:30,749 [INFO] [MONITOR] Processando usuarios_cadastrados.txt...
2025-08-22 15:17:30,749 [INFO] Enviando C:\Users\carlos.santos\Desktop\App_XML\usuarios_cadastrados.txt para o Google Drive: ['ALENCAR CONTABILIDADE LTDA', 'ARQUIVOS', 'txt', '2025', '08']
2025-08-22 15:17:30,750 [ERROR] Erro ao enviar/mover arquivo: GoogleAuth.ServiceAuth() takes 1 positional argument but 2 were given
2025-08-22 15:17:30,751 [INFO] [MONITOR] Processando yExportaRequirements.bat...
2025-08-22 15:17:30,751 [INFO] Enviando C:\Users\carlos.santos\Desktop\App_XML\yExportaRequirements.bat para o Google Drive: ['ALENCAR CONTABILIDADE LTDA', 'ARQUIVOS', 'bat', '2025', '08']
2025-08-22 15:17:30,753 [ERROR] Erro ao enviar/mover arquivo: GoogleAuth.ServiceAuth() takes 1 positional argument but 2 were given
2025-08-22 15:18:00,754 [INFO] [MONITOR] Arquivos encontrados: ['.gitattributes', '.gitignore', 'app.py', 'atualiza_admin_permissoes.py', 'atualiza_datas_xml.py', 'atualiza_documentos_sql.py', 'atualiza_usuario_documentos.py', 'config.toml', 'config_auth.yaml', 'Contabilina.py', 'Contabilina.spec', 'Contabilina_arquivos.spec', 'credenciais.json', 'cria_tabela_empresas.py', 'docker-compose.yml', 'empresas.db', 'index_embutido_streamlit.html', 'logo.png', 'Papel Timbrado A4 Médica Receituário Elegante Dourado (1).pdf', 'README.md', 'registrar_usuario_eliane.py', 'requirements.txt', 'rodar_app.bat', 'rodar_backup_automatico.bat', 'usuarios.db', 'usuarios_cadastrados.txt', 'yExportaRequirements.bat']
2025-08-22 15:18:00,754 [INFO] [MONITOR] Processando .gitattributes...
2025-08-22 15:18:00,754 [INFO] Enviando C:\Users\carlos.santos\Desktop\App_XML\.gitattributes para o Google Drive: ['ALENCAR CONTABILIDADE LTDA', 'ARQUIVOS', 'outros', '2025', '08']
2025-08-22 15:18:00,755 [ERROR] Erro ao enviar/mover arquivo: GoogleAuth.ServiceAuth() takes 1 positional argument but 2 were given
2025-08-22 15:18:00,755 [INFO] [MONITOR] Processando .gitignore...
2025-08-22 15:18:00,756 [INFO] Enviando C:\Users\carlos.santos\Desktop\App_XML\.gitignore para o Google Drive: ['ALENCAR CONTABILIDADE LTDA', 'ARQUIVOS', 'outros', '2025', '08']
2025-08-22 15:18:00,756 [ERROR] Erro ao enviar/mover arquivo: GoogleAuth.ServiceAuth() takes 1 positional argument but 2 were given
2025-08-22 15:18:00,757 [INFO] [MONITOR] Processando app.py...
2025-08-22 15:18:00,757 [INFO] Enviando C:\Users\carlos.santos\Desktop\App_XML\app.py para o Google Drive: ['ALENCAR CONTABILIDADE LTDA', 'ARQUIVOS', 'py', '2025', '08']
2025-08-22 15:18:00,758 [ERROR] Erro ao enviar/mover arquivo: GoogleAuth.ServiceAuth() takes 1 positional argument but 2 were given
2025-08-22 15:18:00,758 [INFO] [MONITOR] Processando atualiza_admin_permissoes.py...
2025-08-22 15:18:00,758 [INFO] Enviando C:\Users\carlos.santos\Desktop\App_XML\atualiza_admin_permissoes.py para o Google Drive: ['ALENCAR CONTABILIDADE LTDA', 'ARQUIVOS', 'py', '2025', '08']
2025-08-22 15:18:00,759 [ERROR] Erro ao enviar/mover arquivo: GoogleAuth.ServiceAuth() takes 1 positional argument but 2 were given
2025-08-22 15:18:00,759 [INFO] [MONITOR] Processando atualiza_datas_xml.py...
2025-08-22 15:18:00,759 [INFO] Enviando C:\Users\carlos.santos\Desktop\App_XML\atualiza_datas_xml.py para o Google Drive: ['ALENCAR CONTABILIDADE LTDA', 'ARQUIVOS', 'py', '2025', '08']
2025-08-22 15:18:00,760 [ERROR] Erro ao enviar/mover arquivo: GoogleAuth.ServiceAuth() takes 1 positional argument but 2 were given
2025-08-22 15:18:00,760 [INFO] [MONITOR] Processando atualiza_documentos_sql.py...
2025-08-22 15:18:00,760 [INFO] Enviando C:\Users\carlos.santos\Desktop\App_XML\atualiza_documentos_sql.py para o Google Drive: ['ALENCAR CONTABILIDADE LTDA', 'ARQUIVOS', 'py', '2025', '08']
2025-08-22 15:18:00,761 [ERROR] Erro ao enviar/mover arquivo: GoogleAuth.ServiceAuth() takes 1 positional argument but 2 were given
2025-08-22 15:18:00,761 [INFO] [MONITOR] Processando atualiza_usuario_documentos.py...
2025-08-22 15:18:00,761 [INFO] Enviando C:\Users\carlos.santos\Desktop\App_XML\atualiza_usuario_documentos.py para o Google Drive: ['ALENCAR CONTABILIDADE LTDA', 'ARQUIVOS', 'py', '2025', '08']
2025-08-22 15:18:00,762 [ERROR] Erro ao enviar/mover arquivo: GoogleAuth.ServiceAuth() takes 1 positional argument but 2 were given
2025-08-22 15:18:00,762 [INFO] [MONITOR] Processando config.toml...
2025-08-22 15:18:00,762 [INFO] Enviando C:\Users\carlos.santos\Desktop\App_XML\config.toml para o Google Drive: ['ALENCAR CONTABILIDADE LTDA', 'ARQUIVOS', 'toml', '2025', '08']
2025-08-22 15:18:00,764 [ERROR] Erro ao enviar/mover arquivo: GoogleAuth.ServiceAuth() takes 1 positional argument but 2 were given
2025-08-22 15:18:00,764 [INFO] [MONITOR] Processando config_auth.yaml...
2025-08-22 15:18:00,764 [INFO] Enviando C:\Users\carlos.santos\Desktop\App_XML\config_auth.yaml para o Google Drive: ['ALENCAR CONTABILIDADE LTDA', 'ARQUIVOS', 'yaml', '2025', '08']
2025-08-22 15:18:00,765 [ERROR] Erro ao enviar/mover arquivo: GoogleAuth.ServiceAuth() takes 1 positional argument but 2 were given
2025-08-22 15:18:00,766 [INFO] [MONITOR] Processando Contabilina.py...
2025-08-22 15:18:00,766 [INFO] Enviando C:\Users\carlos.santos\Desktop\App_XML\Contabilina.py para o Google Drive: ['ALENCAR CONTABILIDADE LTDA', 'ARQUIVOS', 'py', '2025', '08']
2025-08-22 15:18:00,767 [ERROR] Erro ao enviar/mover arquivo: GoogleAuth.ServiceAuth() takes 1 positional argument but 2 were given
2025-08-22 15:18:00,767 [INFO] [MONITOR] Processando Contabilina.spec...
2025-08-22 15:18:00,767 [INFO] Enviando C:\Users\carlos.santos\Desktop\App_XML\Contabilina.spec para o Google Drive: ['ALENCAR CONTABILIDADE LTDA', 'ARQUIVOS', 'spec', '2025', '08']
2025-08-22 15:18:00,768 [ERROR] Erro ao enviar/mover arquivo: GoogleAuth.ServiceAuth() takes 1 positional argument but 2 were given
2025-08-22 15:18:00,768 [INFO] [MONITOR] Processando Contabilina_arquivos.spec...
2025-08-22 15:18:00,768 [INFO] Enviando C:\Users\carlos.santos\Desktop\App_XML\Contabilina_arquivos.spec para o Google Drive: ['ALENCAR CONTABILIDADE LTDA', 'ARQUIVOS', 'spec', '2025', '08']
2025-08-22 15:18:00,770 [ERROR] Erro ao enviar/mover arquivo: GoogleAuth.ServiceAuth() takes 1 positional argument but 2 were given
2025-08-22 15:18:00,770 [INFO] [MONITOR] Processando credenciais.json...
2025-08-22 15:18:00,770 [INFO] Enviando C:\Users\carlos.santos\Desktop\App_XML\credenciais.json para o Google Drive: ['ALENCAR CONTABILIDADE LTDA', 'ARQUIVOS', 'json', '2025', '08']
2025-08-22 15:18:00,771 [ERROR] Erro ao enviar/mover arquivo: GoogleAuth.ServiceAuth() takes 1 positional argument but 2 were given
2025-08-22 15:18:00,771 [INFO] [MONITOR] Processando cria_tabela_empresas.py...
2025-08-22 15:18:00,771 [INFO] Enviando C:\Users\carlos.santos\Desktop\App_XML\cria_tabela_empresas.py para o Google Drive: ['ALENCAR CONTABILIDADE LTDA', 'ARQUIVOS', 'py', '2025', '08']
2025-08-22 15:18:00,772 [ERROR] Erro ao enviar/mover arquivo: GoogleAuth.ServiceAuth() takes 1 positional argument but 2 were given
2025-08-22 15:18:00,772 [INFO] [MONITOR] Processando docker-compose.yml...
2025-08-22 15:18:00,772 [INFO] Enviando C:\Users\carlos.santos\Desktop\App_XML\docker-compose.yml para o Google Drive: ['ALENCAR CONTABILIDADE LTDA', 'ARQUIVOS', 'yml', '2025', '08']
2025-08-22 15:18:00,773 [ERROR] Erro ao enviar/mover arquivo: GoogleAuth.ServiceAuth() takes 1 positional argument but 2 were given
2025-08-22 15:18:00,773 [INFO] [MONITOR] Processando empresas.db...
2025-08-22 15:18:00,773 [INFO] Enviando C:\Users\carlos.santos\Desktop\App_XML\empresas.db para o Google Drive: ['ALENCAR CONTABILIDADE LTDA', 'ARQUIVOS', 'db', '2025', '08']
2025-08-22 15:18:00,774 [ERROR] Erro ao enviar/mover arquivo: GoogleAuth.ServiceAuth() takes 1 positional argument but 2 were given
2025-08-22 15:18:00,774 [INFO] [MONITOR] Processando index_embutido_streamlit.html...
2025-08-22 15:18:00,774 [INFO] Enviando C:\Users\carlos.santos\Desktop\App_XML\index_embutido_streamlit.html para o Google Drive: ['ALENCAR CONTABILIDADE LTDA', 'ARQUIVOS', 'html', '2025', '08']
2025-08-22 15:18:00,775 [ERROR] Erro ao enviar/mover arquivo: GoogleAuth.ServiceAuth() takes 1 positional argument but 2 were given
2025-08-22 15:18:00,775 [INFO] [MONITOR] Processando logo.png...
2025-08-22 15:18:00,775 [INFO] Enviando C:\Users\carlos.santos\Desktop\App_XML\logo.png para o Google Drive: ['ALENCAR CONTABILIDADE LTDA', 'ARQUIVOS', 'png', '2025', '08']
2025-08-22 15:18:00,776 [ERROR] Erro ao enviar/mover arquivo: GoogleAuth.ServiceAuth() takes 1 positional argument but 2 were given
2025-08-22 15:18:00,776 [INFO] [MONITOR] Processando Papel Timbrado A4 Médica Receituário Elegante Dourado (1).pdf...
2025-08-22 15:18:00,776 [INFO] Enviando C:\Users\carlos.santos\Desktop\App_XML\Papel Timbrado A4 Médica Receituário Elegante Dourado (1).pdf para o Google Drive: ['ALENCAR CONTABILIDADE LTDA', 'ARQUIVOS', 'pdf', '2025', '08']
2025-08-22 15:18:00,777 [ERROR] Erro ao enviar/mover arquivo: GoogleAuth.ServiceAuth() takes 1 positional argument but 2 were given
2025-08-22 15:18:00,777 [INFO] [MONITOR] Processando README.md...
2025-08-22 15:18:00,778 [INFO] Enviando C:\Users\carlos.santos\Desktop\App_XML\README.md para o Google Drive: ['ALENCAR CONTABILIDADE LTDA', 'ARQUIVOS', 'md', '2025', '08']
2025-08-22 15:18:00,779 [ERROR] Erro ao enviar/mover arquivo: GoogleAuth.ServiceAuth() takes 1 positional argument but 2 were given
2025-08-22 15:18:00,779 [INFO] [MONITOR] Processando registrar_usuario_eliane.py...
2025-08-22 15:18:00,779 [INFO] Enviando C:\Users\carlos.santos\Desktop\App_XML\registrar_usuario_eliane.py para o Google Drive: ['ALENCAR CONTABILIDADE LTDA', 'ARQUIVOS', 'py', '2025', '08']
2025-08-22 15:18:00,780 [ERROR] Erro ao enviar/mover arquivo: GoogleAuth.ServiceAuth() takes 1 positional argument but 2 were given
2025-08-22 15:18:00,780 [INFO] [MONITOR] Processando requirements.txt...
2025-08-22 15:18:00,780 [INFO] Enviando C:\Users\carlos.santos\Desktop\App_XML\requirements.txt para o Google Drive: ['ALENCAR CONTABILIDADE LTDA', 'ARQUIVOS', 'txt', '2025', '08']
2025-08-22 15:18:00,782 [ERROR] Erro ao enviar/mover arquivo: GoogleAuth.ServiceAuth() takes 1 positional argument but 2 were given
2025-08-22 15:18:00,782 [INFO] [MONITOR] Processando rodar_app.bat...
2025-08-22 15:18:00,782 [INFO] Enviando C:\Users\carlos.santos\Desktop\App_XML\rodar_app.bat para o Google Drive: ['ALENCAR CONTABILIDADE LTDA', 'ARQUIVOS', 'bat', '2025', '08']
2025-08-22 15:18:00,783 [ERROR] Erro ao enviar/mover arquivo: GoogleAuth.ServiceAuth() takes 1 positional argument but 2 were given
2025-08-22 15:18:00,783 [INFO] [MONITOR] Processando rodar_backup_automatico.bat...
2025-08-22 15:18:00,783 [INFO] Enviando C:\Users\carlos.santos\Desktop\App_XML\rodar_backup_automatico.bat para o Google Drive: ['ALENCAR CONTABILIDADE LTDA', 'ARQUIVOS', 'bat', '2025', '08']
2025-08-22 15:18:00,784 [ERROR] Erro ao enviar/mover arquivo: GoogleAuth.ServiceAuth() takes 1 positional argument but 2 were given
2025-08-22 15:18:00,784 [INFO] [MONITOR] Processando usuarios.db...
2025-08-22 15:18:00,784 [INFO] Enviando C:\Users\carlos.santos\Desktop\App_XML\usuarios.db para o Google Drive: ['ALENCAR CONTABILIDADE LTDA', 'ARQUIVOS', 'db', '2025', '08']
2025-08-22 15:18:00,785 [ERROR] Erro ao enviar/mover arquivo: GoogleAuth.ServiceAuth() takes 1 positional argument but 2 were given
2025-08-22 15:18:00,785 [INFO] [MONITOR] Processando usuarios_cadastrados.txt...
2025-08-22 15:18:00,786 [INFO] Enviando C:\Users\carlos.santos\Desktop\App_XML\usuarios_cadastrados.txt para o Google Drive: ['ALENCAR CONTABILIDADE LTDA', 'ARQUIVOS', 'txt', '2025', '08']
2025-08-22 15:18:00,786 [ERROR] Erro ao enviar/mover arquivo: GoogleAuth.ServiceAuth() takes 1 positional argument but 2 were given
2025-08-22 15:18:00,787 [INFO] [MONITOR] Processando yExportaRequirements.bat...
2025-08-22 15:18:00,787 [INFO] Enviando C:\Users\carlos.santos\Desktop\App_XML\yExportaRequirements.bat para o Google Drive: ['ALENCAR CONTABILIDADE LTDA', 'ARQUIVOS', 'bat', '2025', '08']
2025-08-22 15:18:00,788 [ERROR] Erro ao enviar/mover arquivo: GoogleAuth.ServiceAuth() takes 1 positional argument but 2 were given
2025-08-22 15:18:30,791 [INFO] [MONITOR] Arquivos encontrados: ['.gitattributes', '.gitignore', 'app.py', 'atualiza_admin_permissoes.py', 'atualiza_datas_xml.py', 'atualiza_documentos_sql.py', 'atualiza_usuario_documentos.py', 'config.toml', 'config_auth.yaml', 'Contabilina.py', 'Contabilina.spec', 'Contabilina_arquivos.spec', 'credenciais.json', 'cria_tabela_empresas.py', 'docker-compose.yml', 'empresas.db', 'index_embutido_streamlit.html', 'logo.png', 'Papel Timbrado A4 Médica Receituário Elegante Dourado (1).pdf', 'README.md', 'registrar_usuario_eliane.py', 'requirements.txt', 'rodar_app.bat', 'rodar_backup_automatico.bat', 'usuarios.db', 'usuarios_cadastrados.txt', 'yExportaRequirements.bat']
2025-08-22 15:18:30,791 [INFO] [MONITOR] Processando .gitattributes...
2025-08-22 15:18:30,791 [INFO] Enviando C:\Users\carlos.santos\Desktop\App_XML\.gitattributes para o Google Drive: ['ALENCAR CONTABILIDADE LTDA', 'ARQUIVOS', 'outros', '2025', '08']
2025-08-22 15:18:30,793 [ERROR] Erro ao enviar/mover arquivo: GoogleAuth.ServiceAuth() takes 1 positional argument but 2 were given
2025-08-22 15:18:30,793 [INFO] [MONITOR] Processando .gitignore...
2025-08-22 15:18:30,793 [INFO] Enviando C:\Users\carlos.santos\Desktop\App_XML\.gitignore para o Google Drive: ['ALENCAR CONTABILIDADE LTDA', 'ARQUIVOS', 'outros', '2025', '08']
2025-08-22 15:18:30,795 [ERROR] Erro ao enviar/mover arquivo: GoogleAuth.ServiceAuth() takes 1 positional argument but 2 were given
2025-08-22 15:18:30,795 [INFO] [MONITOR] Processando app.py...
2025-08-22 15:18:30,795 [INFO] Enviando C:\Users\carlos.santos\Desktop\App_XML\app.py para o Google Drive: ['ALENCAR CONTABILIDADE LTDA', 'ARQUIVOS', 'py', '2025', '08']
2025-08-22 15:18:30,797 [ERROR] Erro ao enviar/mover arquivo: GoogleAuth.ServiceAuth() takes 1 positional argument but 2 were given
2025-08-22 15:18:30,797 [INFO] [MONITOR] Processando atualiza_admin_permissoes.py...
2025-08-22 15:18:30,797 [INFO] Enviando C:\Users\carlos.santos\Desktop\App_XML\atualiza_admin_permissoes.py para o Google Drive: ['ALENCAR CONTABILIDADE LTDA', 'ARQUIVOS', 'py', '2025', '08']
2025-08-22 15:18:30,799 [ERROR] Erro ao enviar/mover arquivo: GoogleAuth.ServiceAuth() takes 1 positional argument but 2 were given
2025-08-22 15:18:30,799 [INFO] [MONITOR] Processando atualiza_datas_xml.py...
2025-08-22 15:18:30,799 [INFO] Enviando C:\Users\carlos.santos\Desktop\App_XML\atualiza_datas_xml.py para o Google Drive: ['ALENCAR CONTABILIDADE LTDA', 'ARQUIVOS', 'py', '2025', '08']
2025-08-22 15:18:30,801 [ERROR] Erro ao enviar/mover arquivo: GoogleAuth.ServiceAuth() takes 1 positional argument but 2 were given
2025-08-22 15:18:30,801 [INFO] [MONITOR] Processando atualiza_documentos_sql.py...
2025-08-22 15:18:30,801 [INFO] Enviando C:\Users\carlos.santos\Desktop\App_XML\atualiza_documentos_sql.py para o Google Drive: ['ALENCAR CONTABILIDADE LTDA', 'ARQUIVOS', 'py', '2025', '08']
2025-08-22 15:18:30,803 [ERROR] Erro ao enviar/mover arquivo: GoogleAuth.ServiceAuth() takes 1 positional argument but 2 were given
2025-08-22 15:18:30,804 [INFO] [MONITOR] Processando atualiza_usuario_documentos.py...
2025-08-22 15:18:30,804 [INFO] Enviando C:\Users\carlos.santos\Desktop\App_XML\atualiza_usuario_documentos.py para o Google Drive: ['ALENCAR CONTABILIDADE LTDA', 'ARQUIVOS', 'py', '2025', '08']
2025-08-22 15:18:30,806 [ERROR] Erro ao enviar/mover arquivo: GoogleAuth.ServiceAuth() takes 1 positional argument but 2 were given
2025-08-22 15:18:30,806 [INFO] [MONITOR] Processando config.toml...
2025-08-22 15:18:30,806 [INFO] Enviando C:\Users\carlos.santos\Desktop\App_XML\config.toml para o Google Drive: ['ALENCAR CONTABILIDADE LTDA', 'ARQUIVOS', 'toml', '2025', '08']
2025-08-22 15:18:30,808 [ERROR] Erro ao enviar/mover arquivo: GoogleAuth.ServiceAuth() takes 1 positional argument but 2 were given
2025-08-22 15:18:30,808 [INFO] [MONITOR] Processando config_auth.yaml...
2025-08-22 15:18:30,808 [INFO] Enviando C:\Users\carlos.santos\Desktop\App_XML\config_auth.yaml para o Google Drive: ['ALENCAR CONTABILIDADE LTDA', 'ARQUIVOS', 'yaml', '2025', '08']
2025-08-22 15:18:30,809 [ERROR] Erro ao enviar/mover arquivo: GoogleAuth.ServiceAuth() takes 1 positional argument but 2 were given
2025-08-22 15:18:30,810 [INFO] [MONITOR] Processando Contabilina.py...
2025-08-22 15:18:30,810 [INFO] Enviando C:\Users\carlos.santos\Desktop\App_XML\Contabilina.py para o Google Drive: ['ALENCAR CONTABILIDADE LTDA', 'ARQUIVOS', 'py', '2025', '08']
2025-08-22 15:18:30,811 [ERROR] Erro ao enviar/mover arquivo: GoogleAuth.ServiceAuth() takes 1 positional argument but 2 were given
2025-08-22 15:18:30,811 [INFO] [MONITOR] Processando Contabilina.spec...
2025-08-22 15:18:30,812 [INFO] Enviando C:\Users\carlos.santos\Desktop\App_XML\Contabilina.spec para o Google Drive: ['ALENCAR CONTABILIDADE LTDA', 'ARQUIVOS', 'spec', '2025', '08']
2025-08-22 15:18:30,813 [ERROR] Erro ao enviar/mover arquivo: GoogleAuth.ServiceAuth() takes 1 positional argument but 2 were given
2025-08-22 15:18:30,813 [INFO] [MONITOR] Processando Contabilina_arquivos.spec...
2025-08-22 15:18:30,814 [INFO] Enviando C:\Users\carlos.santos\Desktop\App_XML\Contabilina_arquivos.spec para o Google Drive: ['ALENCAR CONTABILIDADE LTDA', 'ARQUIVOS', 'spec', '2025', '08']
2025-08-22 15:18:30,815 [ERROR] Erro ao enviar/mover arquivo: GoogleAuth.ServiceAuth() takes 1 positional argument but 2 were given
2025-08-22 15:18:30,815 [INFO] [MONITOR] Processando credenciais.json...
2025-08-22 15:18:30,815 [INFO] Enviando C:\Users\carlos.santos\Desktop\App_XML\credenciais.json para o Google Drive: ['ALENCAR CONTABILIDADE LTDA', 'ARQUIVOS', 'json', '2025', '08']
2025-08-22 15:18:30,817 [ERROR] Erro ao enviar/mover arquivo: GoogleAuth.ServiceAuth() takes 1 positional argument but 2 were given
2025-08-22 15:18:30,817 [INFO] [MONITOR] Processando cria_tabela_empresas.py...
2025-08-22 15:18:30,818 [INFO] Enviando C:\Users\carlos.santos\Desktop\App_XML\cria_tabela_empresas.py para o Google Drive: ['ALENCAR CONTABILIDADE LTDA', 'ARQUIVOS', 'py', '2025', '08']
2025-08-22 15:18:30,819 [ERROR] Erro ao enviar/mover arquivo: GoogleAuth.ServiceAuth() takes 1 positional argument but 2 were given
2025-08-22 15:18:30,820 [INFO] [MONITOR] Processando docker-compose.yml...
2025-08-22 15:18:30,820 [INFO] Enviando C:\Users\carlos.santos\Desktop\App_XML\docker-compose.yml para o Google Drive: ['ALENCAR CONTABILIDADE LTDA', 'ARQUIVOS', 'yml', '2025', '08']
2025-08-22 15:18:30,822 [ERROR] Erro ao enviar/mover arquivo: GoogleAuth.ServiceAuth() takes 1 positional argument but 2 were given
2025-08-22 15:18:30,822 [INFO] [MONITOR] Processando empresas.db...
2025-08-22 15:18:30,822 [INFO] Enviando C:\Users\carlos.santos\Desktop\App_XML\empresas.db para o Google Drive: ['ALENCAR CONTABILIDADE LTDA', 'ARQUIVOS', 'db', '2025', '08']
2025-08-22 15:18:30,824 [ERROR] Erro ao enviar/mover arquivo: GoogleAuth.ServiceAuth() takes 1 positional argument but 2 were given
2025-08-22 15:18:30,824 [INFO] [MONITOR] Processando index_embutido_streamlit.html...
2025-08-22 15:18:30,824 [INFO] Enviando C:\Users\carlos.santos\Desktop\App_XML\index_embutido_streamlit.html para o Google Drive: ['ALENCAR CONTABILIDADE LTDA', 'ARQUIVOS', 'html', '2025', '08']
2025-08-22 15:18:30,826 [ERROR] Erro ao enviar/mover arquivo: GoogleAuth.ServiceAuth() takes 1 positional argument but 2 were given
2025-08-22 15:18:30,826 [INFO] [MONITOR] Processando logo.png...
2025-08-22 15:18:30,826 [INFO] Enviando C:\Users\carlos.santos\Desktop\App_XML\logo.png para o Google Drive: ['ALENCAR CONTABILIDADE LTDA', 'ARQUIVOS', 'png', '2025', '08']
2025-08-22 15:18:30,828 [ERROR] Erro ao enviar/mover arquivo: GoogleAuth.ServiceAuth() takes 1 positional argument but 2 were given
2025-08-22 15:18:30,828 [INFO] [MONITOR] Processando Papel Timbrado A4 Médica Receituário Elegante Dourado (1).pdf...
2025-08-22 15:18:30,828 [INFO] Enviando C:\Users\carlos.santos\Desktop\App_XML\Papel Timbrado A4 Médica Receituário Elegante Dourado (1).pdf para o Google Drive: ['ALENCAR CONTABILIDADE LTDA', 'ARQUIVOS', 'pdf', '2025', '08']
2025-08-22 15:18:30,830 [ERROR] Erro ao enviar/mover arquivo: GoogleAuth.ServiceAuth() takes 1 positional argument but 2 were given
2025-08-22 15:18:30,830 [INFO] [MONITOR] Processando README.md...
2025-08-22 15:18:30,830 [INFO] Enviando C:\Users\carlos.santos\Desktop\App_XML\README.md para o Google Drive: ['ALENCAR CONTABILIDADE LTDA', 'ARQUIVOS', 'md', '2025', '08']
2025-08-22 15:18:30,832 [ERROR] Erro ao enviar/mover arquivo: GoogleAuth.ServiceAuth() takes 1 positional argument but 2 were given
2025-08-22 15:18:30,832 [INFO] [MONITOR] Processando registrar_usuario_eliane.py...
2025-08-22 15:18:30,832 [INFO] Enviando C:\Users\carlos.santos\Desktop\App_XML\registrar_usuario_eliane.py para o Google Drive: ['ALENCAR CONTABILIDADE LTDA', 'ARQUIVOS', 'py', '2025', '08']
2025-08-22 15:18:30,834 [ERROR] Erro ao enviar/mover arquivo: GoogleAuth.ServiceAuth() takes 1 positional argument but 2 were given
2025-08-22 15:18:30,834 [INFO] [MONITOR] Processando requirements.txt...
2025-08-22 15:18:30,834 [INFO] Enviando C:\Users\carlos.santos\Desktop\App_XML\requirements.txt para o Google Drive: ['ALENCAR CONTABILIDADE LTDA', 'ARQUIVOS', 'txt', '2025', '08']
2025-08-22 15:18:30,836 [ERROR] Erro ao enviar/mover arquivo: GoogleAuth.ServiceAuth() takes 1 positional argument but 2 were given
2025-08-22 15:18:30,836 [INFO] [MONITOR] Processando rodar_app.bat...
2025-08-22 15:18:30,836 [INFO] Enviando C:\Users\carlos.santos\Desktop\App_XML\rodar_app.bat para o Google Drive: ['ALENCAR CONTABILIDADE LTDA', 'ARQUIVOS', 'bat', '2025', '08']
2025-08-22 15:18:30,838 [ERROR] Erro ao enviar/mover arquivo: GoogleAuth.ServiceAuth() takes 1 positional argument but 2 were given
2025-08-22 15:18:30,838 [INFO] [MONITOR] Processando rodar_backup_automatico.bat...
2025-08-22 15:18:30,838 [INFO] Enviando C:\Users\carlos.santos\Desktop\App_XML\rodar_backup_automatico.bat para o Google Drive: ['ALENCAR CONTABILIDADE LTDA', 'ARQUIVOS', 'bat', '2025', '08']
2025-08-22 15:18:30,840 [ERROR] Erro ao enviar/mover arquivo: GoogleAuth.ServiceAuth() takes 1 positional argument but 2 were given
2025-08-22 15:18:30,840 [INFO] [MONITOR] Processando usuarios.db...
2025-08-22 15:18:30,840 [INFO] Enviando C:\Users\carlos.santos\Desktop\App_XML\usuarios.db para o Google Drive: ['ALENCAR CONTABILIDADE LTDA', 'ARQUIVOS', 'db', '2025', '08']
2025-08-22 15:18:30,842 [ERROR] Erro ao enviar/mover arquivo: GoogleAuth.ServiceAuth() takes 1 positional argument but 2 were given
2025-08-22 15:18:30,843 [INFO] [MONITOR] Processando usuarios_cadastrados.txt...
2025-08-22 15:18:30,843 [INFO] Enviando C:\Users\carlos.santos\Desktop\App_XML\usuarios_cadastrados.txt para o Google Drive: ['ALENCAR CONTABILIDADE LTDA', 'ARQUIVOS', 'txt', '2025', '08']
2025-08-22 15:18:30,844 [ERROR] Erro ao enviar/mover arquivo: GoogleAuth.ServiceAuth() takes 1 positional argument but 2 were given
2025-08-22 15:18:30,845 [INFO] [MONITOR] Processando yExportaRequirements.bat...
2025-08-22 15:18:30,845 [INFO] Enviando C:\Users\carlos.santos\Desktop\App_XML\yExportaRequirements.bat para o Google Drive: ['ALENCAR CONTABILIDADE LTDA', 'ARQUIVOS', 'bat', '2025', '08']
2025-08-22 15:18:30,846 [ERROR] Erro ao enviar/mover arquivo: GoogleAuth.ServiceAuth() takes 1 positional argument but 2 were given
2025-08-22 15:19:00,849 [INFO] [MONITOR] Arquivos encontrados: ['.gitattributes', '.gitignore', 'app.py', 'atualiza_admin_permissoes.py', 'atualiza_datas_xml.py', 'atualiza_documentos_sql.py', 'atualiza_usuario_documentos.py', 'config.toml', 'config_auth.yaml', 'Contabilina.py', 'Contabilina.spec', 'Contabilina_arquivos.spec', 'credenciais.json', 'cria_tabela_empresas.py', 'docker-compose.yml', 'empresas.db', 'index_embutido_streamlit.html', 'logo.png', 'Papel Timbrado A4 Médica Receituário Elegante Dourado (1).pdf', 'README.md', 'registrar_usuario_eliane.py', 'requirements.txt', 'rodar_app.bat', 'rodar_backup_automatico.bat', 'usuarios.db', 'usuarios_cadastrados.txt', 'yExportaRequirements.bat']
2025-08-22 15:19:00,849 [INFO] [MONITOR] Processando .gitattributes...
2025-08-22 15:19:00,849 [INFO] Enviando C:\Users\carlos.santos\Desktop\App_XML\.gitattributes para o Google Drive: ['ALENCAR CONTABILIDADE LTDA', 'ARQUIVOS', 'outros', '2025', '08']
2025-08-22 15:19:00,850 [ERROR] Erro ao enviar/mover arquivo: GoogleAuth.ServiceAuth() takes 1 positional argument but 2 were given
2025-08-22 15:19:00,850 [INFO] [MONITOR] Processando .gitignore...
2025-08-22 15:19:00,851 [INFO] Enviando C:\Users\carlos.santos\Desktop\App_XML\.gitignore para o Google Drive: ['ALENCAR CONTABILIDADE LTDA', 'ARQUIVOS', 'outros', '2025', '08']
2025-08-22 15:19:00,852 [ERROR] Erro ao enviar/mover arquivo: GoogleAuth.ServiceAuth() takes 1 positional argument but 2 were given
2025-08-22 15:19:00,852 [INFO] [MONITOR] Processando app.py...
2025-08-22 15:19:00,852 [INFO] Enviando C:\Users\carlos.santos\Desktop\App_XML\app.py para o Google Drive: ['ALENCAR CONTABILIDADE LTDA', 'ARQUIVOS', 'py', '2025', '08']
2025-08-22 15:19:00,853 [ERROR] Erro ao enviar/mover arquivo: GoogleAuth.ServiceAuth() takes 1 positional argument but 2 were given
2025-08-22 15:19:00,853 [INFO] [MONITOR] Processando atualiza_admin_permissoes.py...
2025-08-22 15:19:00,853 [INFO] Enviando C:\Users\carlos.santos\Desktop\App_XML\atualiza_admin_permissoes.py para o Google Drive: ['ALENCAR CONTABILIDADE LTDA', 'ARQUIVOS', 'py', '2025', '08']
2025-08-22 15:19:00,855 [ERROR] Erro ao enviar/mover arquivo: GoogleAuth.ServiceAuth() takes 1 positional argument but 2 were given
2025-08-22 15:19:00,855 [INFO] [MONITOR] Processando atualiza_datas_xml.py...
2025-08-22 15:19:00,855 [INFO] Enviando C:\Users\carlos.santos\Desktop\App_XML\atualiza_datas_xml.py para o Google Drive: ['ALENCAR CONTABILIDADE LTDA', 'ARQUIVOS', 'py', '2025', '08']
2025-08-22 15:19:00,856 [ERROR] Erro ao enviar/mover arquivo: GoogleAuth.ServiceAuth() takes 1 positional argument but 2 were given
2025-08-22 15:19:00,856 [INFO] [MONITOR] Processando atualiza_documentos_sql.py...
2025-08-22 15:19:00,856 [INFO] Enviando C:\Users\carlos.santos\Desktop\App_XML\atualiza_documentos_sql.py para o Google Drive: ['ALENCAR CONTABILIDADE LTDA', 'ARQUIVOS', 'py', '2025', '08']
2025-08-22 15:19:00,857 [ERROR] Erro ao enviar/mover arquivo: GoogleAuth.ServiceAuth() takes 1 positional argument but 2 were given
2025-08-22 15:19:00,858 [INFO] [MONITOR] Processando atualiza_usuario_documentos.py...
2025-08-22 15:19:00,858 [INFO] Enviando C:\Users\carlos.santos\Desktop\App_XML\atualiza_usuario_documentos.py para o Google Drive: ['ALENCAR CONTABILIDADE LTDA', 'ARQUIVOS', 'py', '2025', '08']
2025-08-22 15:19:00,859 [ERROR] Erro ao enviar/mover arquivo: GoogleAuth.ServiceAuth() takes 1 positional argument but 2 were given
2025-08-22 15:19:00,859 [INFO] [MONITOR] Processando config.toml...
2025-08-22 15:19:00,859 [INFO] Enviando C:\Users\carlos.santos\Desktop\App_XML\config.toml para o Google Drive: ['ALENCAR CONTABILIDADE LTDA', 'ARQUIVOS', 'toml', '2025', '08']
2025-08-22 15:19:00,860 [ERROR] Erro ao enviar/mover arquivo: GoogleAuth.ServiceAuth() takes 1 positional argument but 2 were given
2025-08-22 15:19:00,861 [INFO] [MONITOR] Processando config_auth.yaml...
2025-08-22 15:19:00,861 [INFO] Enviando C:\Users\carlos.santos\Desktop\App_XML\config_auth.yaml para o Google Drive: ['ALENCAR CONTABILIDADE LTDA', 'ARQUIVOS', 'yaml', '2025', '08']
2025-08-22 15:19:00,862 [ERROR] Erro ao enviar/mover arquivo: GoogleAuth.ServiceAuth() takes 1 positional argument but 2 were given
2025-08-22 15:19:00,862 [INFO] [MONITOR] Processando Contabilina.py...
2025-08-22 15:19:00,862 [INFO] Enviando C:\Users\carlos.santos\Desktop\App_XML\Contabilina.py para o Google Drive: ['ALENCAR CONTABILIDADE LTDA', 'ARQUIVOS', 'py', '2025', '08']
2025-08-22 15:19:00,863 [ERROR] Erro ao enviar/mover arquivo: GoogleAuth.ServiceAuth() takes 1 positional argument but 2 were given
2025-08-22 15:19:00,863 [INFO] [MONITOR] Processando Contabilina.spec...
2025-08-22 15:19:00,863 [INFO] Enviando C:\Users\carlos.santos\Desktop\App_XML\Contabilina.spec para o Google Drive: ['ALENCAR CONTABILIDADE LTDA', 'ARQUIVOS', 'spec', '2025', '08']
2025-08-22 15:19:00,865 [ERROR] Erro ao enviar/mover arquivo: GoogleAuth.ServiceAuth() takes 1 positional argument but 2 were given
2025-08-22 15:19:00,865 [INFO] [MONITOR] Processando Contabilina_arquivos.spec...
2025-08-22 15:19:00,865 [INFO] Enviando C:\Users\carlos.santos\Desktop\App_XML\Contabilina_arquivos.spec para o Google Drive: ['ALENCAR CONTABILIDADE LTDA', 'ARQUIVOS', 'spec', '2025', '08']
2025-08-22 15:19:00,867 [ERROR] Erro ao enviar/mover arquivo: GoogleAuth.ServiceAuth() takes 1 positional argument but 2 were given
2025-08-22 15:19:00,867 [INFO] [MONITOR] Processando credenciais.json...
2025-08-22 15:19:00,867 [INFO] Enviando C:\Users\carlos.santos\Desktop\App_XML\credenciais.json para o Google Drive: ['ALENCAR CONTABILIDADE LTDA', 'ARQUIVOS', 'json', '2025', '08']
2025-08-22 15:19:00,869 [ERROR] Erro ao enviar/mover arquivo: GoogleAuth.ServiceAuth() takes 1 positional argument but 2 were given
2025-08-22 15:19:00,869 [INFO] [MONITOR] Processando cria_tabela_empresas.py...
2025-08-22 15:19:00,869 [INFO] Enviando C:\Users\carlos.santos\Desktop\App_XML\cria_tabela_empresas.py para o Google Drive: ['ALENCAR CONTABILIDADE LTDA', 'ARQUIVOS', 'py', '2025', '08']
2025-08-22 15:19:00,870 [ERROR] Erro ao enviar/mover arquivo: GoogleAuth.ServiceAuth() takes 1 positional argument but 2 were given
2025-08-22 15:19:00,870 [INFO] [MONITOR] Processando docker-compose.yml...
2025-08-22 15:19:00,870 [INFO] Enviando C:\Users\carlos.santos\Desktop\App_XML\docker-compose.yml para o Google Drive: ['ALENCAR CONTABILIDADE LTDA', 'ARQUIVOS', 'yml', '2025', '08']
2025-08-22 15:19:00,871 [ERROR] Erro ao enviar/mover arquivo: GoogleAuth.ServiceAuth() takes 1 positional argument but 2 were given
2025-08-22 15:19:00,871 [INFO] [MONITOR] Processando empresas.db...
2025-08-22 15:19:00,871 [INFO] Enviando C:\Users\carlos.santos\Desktop\App_XML\empresas.db para o Google Drive: ['ALENCAR CONTABILIDADE LTDA', 'ARQUIVOS', 'db', '2025', '08']
2025-08-22 15:19:00,873 [ERROR] Erro ao enviar/mover arquivo: GoogleAuth.ServiceAuth() takes 1 positional argument but 2 were given
2025-08-22 15:19:00,873 [INFO] [MONITOR] Processando index_embutido_streamlit.html...
2025-08-22 15:19:00,873 [INFO] Enviando C:\Users\carlos.santos\Desktop\App_XML\index_embutido_streamlit.html para o Google Drive: ['ALENCAR CONTABILIDADE LTDA', 'ARQUIVOS', 'html', '2025', '08']
2025-08-22 15:19:00,874 [ERROR] Erro ao enviar/mover arquivo: GoogleAuth.ServiceAuth() takes 1 positional argument but 2 were given
2025-08-22 15:19:00,874 [INFO] [MONITOR] Processando logo.png...
2025-08-22 15:19:00,875 [INFO] Enviando C:\Users\carlos.santos\Desktop\App_XML\logo.png para o Google Drive: ['ALENCAR CONTABILIDADE LTDA', 'ARQUIVOS', 'png', '2025', '08']
2025-08-22 15:19:00,876 [ERROR] Erro ao enviar/mover arquivo: GoogleAuth.ServiceAuth() takes 1 positional argument but 2 were given
2025-08-22 15:19:00,876 [INFO] [MONITOR] Processando Papel Timbrado A4 Médica Receituário Elegante Dourado (1).pdf...
2025-08-22 15:19:00,877 [INFO] Enviando C:\Users\carlos.santos\Desktop\App_XML\Papel Timbrado A4 Médica Receituário Elegante Dourado (1).pdf para o Google Drive: ['ALENCAR CONTABILIDADE LTDA', 'ARQUIVOS', 'pdf', '2025', '08']
2025-08-22 15:19:00,878 [ERROR] Erro ao enviar/mover arquivo: GoogleAuth.ServiceAuth() takes 1 positional argument but 2 were given
2025-08-22 15:19:00,878 [INFO] [MONITOR] Processando README.md...
2025-08-22 15:19:00,878 [INFO] Enviando C:\Users\carlos.santos\Desktop\App_XML\README.md para o Google Drive: ['ALENCAR CONTABILIDADE LTDA', 'ARQUIVOS', 'md', '2025', '08']
2025-08-22 15:19:00,880 [ERROR] Erro ao enviar/mover arquivo: GoogleAuth.ServiceAuth() takes 1 positional argument but 2 were given
2025-08-22 15:19:00,880 [INFO] [MONITOR] Processando registrar_usuario_eliane.py...
2025-08-22 15:19:00,880 [INFO] Enviando C:\Users\carlos.santos\Desktop\App_XML\registrar_usuario_eliane.py para o Google Drive: ['ALENCAR CONTABILIDADE LTDA', 'ARQUIVOS', 'py', '2025', '08']
2025-08-22 15:19:00,881 [ERROR] Erro ao enviar/mover arquivo: GoogleAuth.ServiceAuth() takes 1 positional argument but 2 were given
2025-08-22 15:19:00,881 [INFO] [MONITOR] Processando requirements.txt...
2025-08-22 15:19:00,881 [INFO] Enviando C:\Users\carlos.santos\Desktop\App_XML\requirements.txt para o Google Drive: ['ALENCAR CONTABILIDADE LTDA', 'ARQUIVOS', 'txt', '2025', '08']
2025-08-22 15:19:00,882 [ERROR] Erro ao enviar/mover arquivo: GoogleAuth.ServiceAuth() takes 1 positional argument but 2 were given
2025-08-22 15:19:00,882 [INFO] [MONITOR] Processando rodar_app.bat...
2025-08-22 15:19:00,883 [INFO] Enviando C:\Users\carlos.santos\Desktop\App_XML\rodar_app.bat para o Google Drive: ['ALENCAR CONTABILIDADE LTDA', 'ARQUIVOS', 'bat', '2025', '08']
2025-08-22 15:19:00,883 [ERROR] Erro ao enviar/mover arquivo: GoogleAuth.ServiceAuth() takes 1 positional argument but 2 were given
2025-08-22 15:19:00,884 [INFO] [MONITOR] Processando rodar_backup_automatico.bat...
2025-08-22 15:19:00,884 [INFO] Enviando C:\Users\carlos.santos\Desktop\App_XML\rodar_backup_automatico.bat para o Google Drive: ['ALENCAR CONTABILIDADE LTDA', 'ARQUIVOS', 'bat', '2025', '08']
2025-08-22 15:19:00,885 [ERROR] Erro ao enviar/mover arquivo: GoogleAuth.ServiceAuth() takes 1 positional argument but 2 were given
2025-08-22 15:19:00,885 [INFO] [MONITOR] Processando usuarios.db...
2025-08-22 15:19:00,885 [INFO] Enviando C:\Users\carlos.santos\Desktop\App_XML\usuarios.db para o Google Drive: ['ALENCAR CONTABILIDADE LTDA', 'ARQUIVOS', 'db', '2025', '08']
2025-08-22 15:19:00,886 [ERROR] Erro ao enviar/mover arquivo: GoogleAuth.ServiceAuth() takes 1 positional argument but 2 were given
2025-08-22 15:19:00,886 [INFO] [MONITOR] Processando usuarios_cadastrados.txt...
2025-08-22 15:19:00,886 [INFO] Enviando C:\Users\carlos.santos\Desktop\App_XML\usuarios_cadastrados.txt para o Google Drive: ['ALENCAR CONTABILIDADE LTDA', 'ARQUIVOS', 'txt', '2025', '08']
2025-08-22 15:19:00,887 [ERROR] Erro ao enviar/mover arquivo: GoogleAuth.ServiceAuth() takes 1 positional argument but 2 were given
2025-08-22 15:19:00,887 [INFO] [MONITOR] Processando yExportaRequirements.bat...
2025-08-22 15:19:00,887 [INFO] Enviando C:\Users\carlos.santos\Desktop\App_XML\yExportaRequirements.bat para o Google Drive: ['ALENCAR CONTABILIDADE LTDA', 'ARQUIVOS', 'bat', '2025', '08']
2025-08-22 15:19:00,888 [ERROR] Erro ao enviar/mover arquivo: GoogleAuth.ServiceAuth() takes 1 positional argument but 2 were given
2025-08-22 15:19:30,891 [INFO] [MONITOR] Arquivos encontrados: ['.gitattributes', '.gitignore', 'app.py', 'atualiza_admin_permissoes.py', 'atualiza_datas_xml.py', 'atualiza_documentos_sql.py', 'atualiza_usuario_documentos.py', 'config.toml', 'config_auth.yaml', 'Contabilina.py', 'Contabilina.spec', 'Contabilina_arquivos.spec', 'credenciais.json', 'cria_tabela_empresas.py', 'docker-compose.yml', 'empresas.db', 'index_embutido_streamlit.html', 'logo.png', 'Papel Timbrado A4 Médica Receituário Elegante Dourado (1).pdf', 'README.md', 'registrar_usuario_eliane.py', 'requirements.txt', 'rodar_app.bat', 'rodar_backup_automatico.bat', 'usuarios.db', 'usuarios_cadastrados.txt', 'yExportaRequirements.bat']
2025-08-22 15:19:30,891 [INFO] [MONITOR] Processando .gitattributes...
2025-08-22 15:19:30,891 [INFO] Enviando C:\Users\carlos.santos\Desktop\App_XML\.gitattributes para o Google Drive: ['ALENCAR CONTABILIDADE LTDA', 'ARQUIVOS', 'outros', '2025', '08']
2025-08-22 15:19:30,893 [ERROR] Erro ao enviar/mover arquivo: GoogleAuth.ServiceAuth() takes 1 positional argument but 2 were given
2025-08-22 15:19:30,893 [INFO] [MONITOR] Processando .gitignore...
2025-08-22 15:19:30,894 [INFO] Enviando C:\Users\carlos.santos\Desktop\App_XML\.gitignore para o Google Drive: ['ALENCAR CONTABILIDADE LTDA', 'ARQUIVOS', 'outros', '2025', '08']
2025-08-22 15:19:30,895 [ERROR] Erro ao enviar/mover arquivo: GoogleAuth.ServiceAuth() takes 1 positional argument but 2 were given
2025-08-22 15:19:30,895 [INFO] [MONITOR] Processando app.py...
2025-08-22 15:19:30,895 [INFO] Enviando C:\Users\carlos.santos\Desktop\App_XML\app.py para o Google Drive: ['ALENCAR CONTABILIDADE LTDA', 'ARQUIVOS', 'py', '2025', '08']
2025-08-22 15:19:30,897 [ERROR] Erro ao enviar/mover arquivo: GoogleAuth.ServiceAuth() takes 1 positional argument but 2 were given
2025-08-22 15:19:30,897 [INFO] [MONITOR] Processando atualiza_admin_permissoes.py...
2025-08-22 15:19:30,897 [INFO] Enviando C:\Users\carlos.santos\Desktop\App_XML\atualiza_admin_permissoes.py para o Google Drive: ['ALENCAR CONTABILIDADE LTDA', 'ARQUIVOS', 'py', '2025', '08']
2025-08-22 15:19:30,899 [ERROR] Erro ao enviar/mover arquivo: GoogleAuth.ServiceAuth() takes 1 positional argument but 2 were given
2025-08-22 15:19:30,899 [INFO] [MONITOR] Processando atualiza_datas_xml.py...
2025-08-22 15:19:30,899 [INFO] Enviando C:\Users\carlos.santos\Desktop\App_XML\atualiza_datas_xml.py para o Google Drive: ['ALENCAR CONTABILIDADE LTDA', 'ARQUIVOS', 'py', '2025', '08']
2025-08-22 15:19:30,901 [ERROR] Erro ao enviar/mover arquivo: GoogleAuth.ServiceAuth() takes 1 positional argument but 2 were given
2025-08-22 15:19:30,901 [INFO] [MONITOR] Processando atualiza_documentos_sql.py...
2025-08-22 15:19:30,901 [INFO] Enviando C:\Users\carlos.santos\Desktop\App_XML\atualiza_documentos_sql.py para o Google Drive: ['ALENCAR CONTABILIDADE LTDA', 'ARQUIVOS', 'py', '2025', '08']
2025-08-22 15:19:30,903 [ERROR] Erro ao enviar/mover arquivo: GoogleAuth.ServiceAuth() takes 1 positional argument but 2 were given
2025-08-22 15:19:30,904 [INFO] [MONITOR] Processando atualiza_usuario_documentos.py...
2025-08-22 15:19:30,904 [INFO] Enviando C:\Users\carlos.santos\Desktop\App_XML\atualiza_usuario_documentos.py para o Google Drive: ['ALENCAR CONTABILIDADE LTDA', 'ARQUIVOS', 'py', '2025', '08']
2025-08-22 15:19:30,906 [ERROR] Erro ao enviar/mover arquivo: GoogleAuth.ServiceAuth() takes 1 positional argument but 2 were given
2025-08-22 15:19:30,906 [INFO] [MONITOR] Processando config.toml...
2025-08-22 15:19:30,906 [INFO] Enviando C:\Users\carlos.santos\Desktop\App_XML\config.toml para o Google Drive: ['ALENCAR CONTABILIDADE LTDA', 'ARQUIVOS', 'toml', '2025', '08']
2025-08-22 15:19:30,907 [ERROR] Erro ao enviar/mover arquivo: GoogleAuth.ServiceAuth() takes 1 positional argument but 2 were given
2025-08-22 15:19:30,908 [INFO] [MONITOR] Processando config_auth.yaml...
2025-08-22 15:19:30,908 [INFO] Enviando C:\Users\carlos.santos\Desktop\App_XML\config_auth.yaml para o Google Drive: ['ALENCAR CONTABILIDADE LTDA', 'ARQUIVOS', 'yaml', '2025', '08']
2025-08-22 15:19:30,910 [ERROR] Erro ao enviar/mover arquivo: GoogleAuth.ServiceAuth() takes 1 positional argument but 2 were given
2025-08-22 15:19:30,910 [INFO] [MONITOR] Processando Contabilina.py...
2025-08-22 15:19:30,910 [INFO] Enviando C:\Users\carlos.santos\Desktop\App_XML\Contabilina.py para o Google Drive: ['ALENCAR CONTABILIDADE LTDA', 'ARQUIVOS', 'py', '2025', '08']
2025-08-22 15:19:30,912 [ERROR] Erro ao enviar/mover arquivo: GoogleAuth.ServiceAuth() takes 1 positional argument but 2 were given
2025-08-22 15:19:30,912 [INFO] [MONITOR] Processando Contabilina.spec...
2025-08-22 15:19:30,912 [INFO] Enviando C:\Users\carlos.santos\Desktop\App_XML\Contabilina.spec para o Google Drive: ['ALENCAR CONTABILIDADE LTDA', 'ARQUIVOS', 'spec', '2025', '08']
2025-08-22 15:19:30,914 [ERROR] Erro ao enviar/mover arquivo: GoogleAuth.ServiceAuth() takes 1 positional argument but 2 were given
2025-08-22 15:19:30,914 [INFO] [MONITOR] Processando Contabilina_arquivos.spec...
2025-08-22 15:19:30,914 [INFO] Enviando C:\Users\carlos.santos\Desktop\App_XML\Contabilina_arquivos.spec para o Google Drive: ['ALENCAR CONTABILIDADE LTDA', 'ARQUIVOS', 'spec', '2025', '08']
2025-08-22 15:19:30,916 [ERROR] Erro ao enviar/mover arquivo: GoogleAuth.ServiceAuth() takes 1 positional argument but 2 were given
2025-08-22 15:19:30,916 [INFO] [MONITOR] Processando credenciais.json...
2025-08-22 15:19:30,916 [INFO] Enviando C:\Users\carlos.santos\Desktop\App_XML\credenciais.json para o Google Drive: ['ALENCAR CONTABILIDADE LTDA', 'ARQUIVOS', 'json', '2025', '08']
2025-08-22 15:19:30,918 [ERROR] Erro ao enviar/mover arquivo: GoogleAuth.ServiceAuth() takes 1 positional argument but 2 were given
2025-08-22 15:19:30,918 [INFO] [MONITOR] Processando cria_tabela_empresas.py...
2025-08-22 15:19:30,918 [INFO] Enviando C:\Users\carlos.santos\Desktop\App_XML\cria_tabela_empresas.py para o Google Drive: ['ALENCAR CONTABILIDADE LTDA', 'ARQUIVOS', 'py', '2025', '08']
2025-08-22 15:19:30,920 [ERROR] Erro ao enviar/mover arquivo: GoogleAuth.ServiceAuth() takes 1 positional argument but 2 were given
2025-08-22 15:19:30,920 [INFO] [MONITOR] Processando docker-compose.yml...
2025-08-22 15:19:30,921 [INFO] Enviando C:\Users\carlos.santos\Desktop\App_XML\docker-compose.yml para o Google Drive: ['ALENCAR CONTABILIDADE LTDA', 'ARQUIVOS', 'yml', '2025', '08']
2025-08-22 15:19:30,922 [ERROR] Erro ao enviar/mover arquivo: GoogleAuth.ServiceAuth() takes 1 positional argument but 2 were given
2025-08-22 15:19:30,922 [INFO] [MONITOR] Processando empresas.db...
2025-08-22 15:19:30,923 [INFO] Enviando C:\Users\carlos.santos\Desktop\App_XML\empresas.db para o Google Drive: ['ALENCAR CONTABILIDADE LTDA', 'ARQUIVOS', 'db', '2025', '08']
2025-08-22 15:19:30,924 [ERROR] Erro ao enviar/mover arquivo: GoogleAuth.ServiceAuth() takes 1 positional argument but 2 were given
2025-08-22 15:19:30,925 [INFO] [MONITOR] Processando index_embutido_streamlit.html...
2025-08-22 15:19:30,925 [INFO] Enviando C:\Users\carlos.santos\Desktop\App_XML\index_embutido_streamlit.html para o Google Drive: ['ALENCAR CONTABILIDADE LTDA', 'ARQUIVOS', 'html', '2025', '08']
2025-08-22 15:19:30,927 [ERROR] Erro ao enviar/mover arquivo: GoogleAuth.ServiceAuth() takes 1 positional argument but 2 were given
2025-08-22 15:19:30,927 [INFO] [MONITOR] Processando logo.png...
2025-08-22 15:19:30,927 [INFO] Enviando C:\Users\carlos.santos\Desktop\App_XML\logo.png para o Google Drive: ['ALENCAR CONTABILIDADE LTDA', 'ARQUIVOS', 'png', '2025', '08']
2025-08-22 15:19:30,929 [ERROR] Erro ao enviar/mover arquivo: GoogleAuth.ServiceAuth() takes 1 positional argument but 2 were given
2025-08-22 15:19:30,929 [INFO] [MONITOR] Processando Papel Timbrado A4 Médica Receituário Elegante Dourado (1).pdf...
2025-08-22 15:19:30,929 [INFO] Enviando C:\Users\carlos.santos\Desktop\App_XML\Papel Timbrado A4 Médica Receituário Elegante Dourado (1).pdf para o Google Drive: ['ALENCAR CONTABILIDADE LTDA', 'ARQUIVOS', 'pdf', '2025', '08']
2025-08-22 15:19:30,931 [ERROR] Erro ao enviar/mover arquivo: GoogleAuth.ServiceAuth() takes 1 positional argument but 2 were given
2025-08-22 15:19:30,931 [INFO] [MONITOR] Processando README.md...
2025-08-22 15:19:30,931 [INFO] Enviando C:\Users\carlos.santos\Desktop\App_XML\README.md para o Google Drive: ['ALENCAR CONTABILIDADE LTDA', 'ARQUIVOS', 'md', '2025', '08']
2025-08-22 15:19:30,932 [ERROR] Erro ao enviar/mover arquivo: GoogleAuth.ServiceAuth() takes 1 positional argument but 2 were given
2025-08-22 15:19:30,933 [INFO] [MONITOR] Processando registrar_usuario_eliane.py...
2025-08-22 15:19:30,933 [INFO] Enviando C:\Users\carlos.santos\Desktop\App_XML\registrar_usuario_eliane.py para o Google Drive: ['ALENCAR CONTABILIDADE LTDA', 'ARQUIVOS', 'py', '2025', '08']
2025-08-22 15:19:30,935 [ERROR] Erro ao enviar/mover arquivo: GoogleAuth.ServiceAuth() takes 1 positional argument but 2 were given
2025-08-22 15:19:30,935 [INFO] [MONITOR] Processando requirements.txt...
2025-08-22 15:19:30,935 [INFO] Enviando C:\Users\carlos.santos\Desktop\App_XML\requirements.txt para o Google Drive: ['ALENCAR CONTABILIDADE LTDA', 'ARQUIVOS', 'txt', '2025', '08']
2025-08-22 15:19:30,937 [ERROR] Erro ao enviar/mover arquivo: GoogleAuth.ServiceAuth() takes 1 positional argument but 2 were given
2025-08-22 15:19:30,937 [INFO] [MONITOR] Processando rodar_app.bat...
2025-08-22 15:19:30,938 [INFO] Enviando C:\Users\carlos.santos\Desktop\App_XML\rodar_app.bat para o Google Drive: ['ALENCAR CONTABILIDADE LTDA', 'ARQUIVOS', 'bat', '2025', '08']
2025-08-22 15:19:30,939 [ERROR] Erro ao enviar/mover arquivo: GoogleAuth.ServiceAuth() takes 1 positional argument but 2 were given
2025-08-22 15:19:30,939 [INFO] [MONITOR] Processando rodar_backup_automatico.bat...
2025-08-22 15:19:30,939 [INFO] Enviando C:\Users\carlos.santos\Desktop\App_XML\rodar_backup_automatico.bat para o Google Drive: ['ALENCAR CONTABILIDADE LTDA', 'ARQUIVOS', 'bat', '2025', '08']
2025-08-22 15:19:30,941 [ERROR] Erro ao enviar/mover arquivo: GoogleAuth.ServiceAuth() takes 1 positional argument but 2 were given
2025-08-22 15:19:30,941 [INFO] [MONITOR] Processando usuarios.db...
2025-08-22 15:19:30,941 [INFO] Enviando C:\Users\carlos.santos\Desktop\App_XML\usuarios.db para o Google Drive: ['ALENCAR CONTABILIDADE LTDA', 'ARQUIVOS', 'db', '2025', '08']
2025-08-22 15:19:30,943 [ERROR] Erro ao enviar/mover arquivo: GoogleAuth.ServiceAuth() takes 1 positional argument but 2 were given
2025-08-22 15:19:30,943 [INFO] [MONITOR] Processando usuarios_cadastrados.txt...
2025-08-22 15:19:30,943 [INFO] Enviando C:\Users\carlos.santos\Desktop\App_XML\usuarios_cadastrados.txt para o Google Drive: ['ALENCAR CONTABILIDADE LTDA', 'ARQUIVOS', 'txt', '2025', '08']
2025-08-22 15:19:30,945 [ERROR] Erro ao enviar/mover arquivo: GoogleAuth.ServiceAuth() takes 1 positional argument but 2 were given
2025-08-22 15:19:30,945 [INFO] [MONITOR] Processando yExportaRequirements.bat...
2025-08-22 15:19:30,945 [INFO] Enviando C:\Users\carlos.santos\Desktop\App_XML\yExportaRequirements.bat para o Google Drive: ['ALENCAR CONTABILIDADE LTDA', 'ARQUIVOS', 'bat', '2025', '08']
2025-08-22 15:19:30,947 [ERROR] Erro ao enviar/mover arquivo: GoogleAuth.ServiceAuth() takes 1 positional argument but 2 were given
2025-08-22 15:20:00,950 [INFO] [MONITOR] Arquivos encontrados: ['.gitattributes', '.gitignore', 'app.py', 'atualiza_admin_permissoes.py', 'atualiza_datas_xml.py', 'atualiza_documentos_sql.py', 'atualiza_usuario_documentos.py', 'config.toml', 'config_auth.yaml', 'Contabilina.py', 'Contabilina.spec', 'Contabilina_arquivos.spec', 'credenciais.json', 'cria_tabela_empresas.py', 'docker-compose.yml', 'empresas.db', 'index_embutido_streamlit.html', 'logo.png', 'Papel Timbrado A4 Médica Receituário Elegante Dourado (1).pdf', 'README.md', 'registrar_usuario_eliane.py', 'requirements.txt', 'rodar_app.bat', 'rodar_backup_automatico.bat', 'usuarios.db', 'usuarios_cadastrados.txt', 'yExportaRequirements.bat']
2025-08-22 15:20:00,951 [INFO] [MONITOR] Processando .gitattributes...
2025-08-22 15:20:00,951 [INFO] Enviando C:\Users\carlos.santos\Desktop\App_XML\.gitattributes para o Google Drive: ['ALENCAR CONTABILIDADE LTDA', 'ARQUIVOS', 'outros', '2025', '08']
2025-08-22 15:20:00,953 [ERROR] Erro ao enviar/mover arquivo: GoogleAuth.ServiceAuth() takes 1 positional argument but 2 were given
2025-08-22 15:20:00,953 [INFO] [MONITOR] Processando .gitignore...
2025-08-22 15:20:00,954 [INFO] Enviando C:\Users\carlos.santos\Desktop\App_XML\.gitignore para o Google Drive: ['ALENCAR CONTABILIDADE LTDA', 'ARQUIVOS', 'outros', '2025', '08']
2025-08-22 15:20:00,955 [ERROR] Erro ao enviar/mover arquivo: GoogleAuth.ServiceAuth() takes 1 positional argument but 2 were given
2025-08-22 15:20:00,956 [INFO] [MONITOR] Processando app.py...
2025-08-22 15:20:00,956 [INFO] Enviando C:\Users\carlos.santos\Desktop\App_XML\app.py para o Google Drive: ['ALENCAR CONTABILIDADE LTDA', 'ARQUIVOS', 'py', '2025', '08']
2025-08-22 15:20:00,958 [ERROR] Erro ao enviar/mover arquivo: GoogleAuth.ServiceAuth() takes 1 positional argument but 2 were given
2025-08-22 15:20:00,958 [INFO] [MONITOR] Processando atualiza_admin_permissoes.py...
2025-08-22 15:20:00,958 [INFO] Enviando C:\Users\carlos.santos\Desktop\App_XML\atualiza_admin_permissoes.py para o Google Drive: ['ALENCAR CONTABILIDADE LTDA', 'ARQUIVOS', 'py', '2025', '08']
2025-08-22 15:20:00,960 [ERROR] Erro ao enviar/mover arquivo: GoogleAuth.ServiceAuth() takes 1 positional argument but 2 were given
2025-08-22 15:20:00,960 [INFO] [MONITOR] Processando atualiza_datas_xml.py...
2025-08-22 15:20:00,960 [INFO] Enviando C:\Users\carlos.santos\Desktop\App_XML\atualiza_datas_xml.py para o Google Drive: ['ALENCAR CONTABILIDADE LTDA', 'ARQUIVOS', 'py', '2025', '08']
2025-08-22 15:20:00,961 [ERROR] Erro ao enviar/mover arquivo: GoogleAuth.ServiceAuth() takes 1 positional argument but 2 were given
2025-08-22 15:20:00,962 [INFO] [MONITOR] Processando atualiza_documentos_sql.py...
2025-08-22 15:20:00,962 [INFO] Enviando C:\Users\carlos.santos\Desktop\App_XML\atualiza_documentos_sql.py para o Google Drive: ['ALENCAR CONTABILIDADE LTDA', 'ARQUIVOS', 'py', '2025', '08']
2025-08-22 15:20:00,963 [ERROR] Erro ao enviar/mover arquivo: GoogleAuth.ServiceAuth() takes 1 positional argument but 2 were given
2025-08-22 15:20:00,963 [INFO] [MONITOR] Processando atualiza_usuario_documentos.py...
2025-08-22 15:20:00,964 [INFO] Enviando C:\Users\carlos.santos\Desktop\App_XML\atualiza_usuario_documentos.py para o Google Drive: ['ALENCAR CONTABILIDADE LTDA', 'ARQUIVOS', 'py', '2025', '08']
2025-08-22 15:20:00,965 [ERROR] Erro ao enviar/mover arquivo: GoogleAuth.ServiceAuth() takes 1 positional argument but 2 were given
2025-08-22 15:20:00,966 [INFO] [MONITOR] Processando config.toml...
2025-08-22 15:20:00,966 [INFO] Enviando C:\Users\carlos.santos\Desktop\App_XML\config.toml para o Google Drive: ['ALENCAR CONTABILIDADE LTDA', 'ARQUIVOS', 'toml', '2025', '08']
2025-08-22 15:20:00,967 [ERROR] Erro ao enviar/mover arquivo: GoogleAuth.ServiceAuth() takes 1 positional argument but 2 were given
2025-08-22 15:20:00,967 [INFO] [MONITOR] Processando config_auth.yaml...
2025-08-22 15:20:00,968 [INFO] Enviando C:\Users\carlos.santos\Desktop\App_XML\config_auth.yaml para o Google Drive: ['ALENCAR CONTABILIDADE LTDA', 'ARQUIVOS', 'yaml', '2025', '08']
2025-08-22 15:20:00,970 [ERROR] Erro ao enviar/mover arquivo: GoogleAuth.ServiceAuth() takes 1 positional argument but 2 were given
2025-08-22 15:20:00,970 [INFO] [MONITOR] Processando Contabilina.py...
2025-08-22 15:20:00,970 [INFO] Enviando C:\Users\carlos.santos\Desktop\App_XML\Contabilina.py para o Google Drive: ['ALENCAR CONTABILIDADE LTDA', 'ARQUIVOS', 'py', '2025', '08']
2025-08-22 15:20:00,972 [ERROR] Erro ao enviar/mover arquivo: GoogleAuth.ServiceAuth() takes 1 positional argument but 2 were given
2025-08-22 15:20:00,973 [INFO] [MONITOR] Processando Contabilina.spec...
2025-08-22 15:20:00,973 [INFO] Enviando C:\Users\carlos.santos\Desktop\App_XML\Contabilina.spec para o Google Drive: ['ALENCAR CONTABILIDADE LTDA', 'ARQUIVOS', 'spec', '2025', '08']
2025-08-22 15:20:00,975 [ERROR] Erro ao enviar/mover arquivo: GoogleAuth.ServiceAuth() takes 1 positional argument but 2 were given
2025-08-22 15:20:00,975 [INFO] [MONITOR] Processando Contabilina_arquivos.spec...
2025-08-22 15:20:00,975 [INFO] Enviando C:\Users\carlos.santos\Desktop\App_XML\Contabilina_arquivos.spec para o Google Drive: ['ALENCAR CONTABILIDADE LTDA', 'ARQUIVOS', 'spec', '2025', '08']
2025-08-22 15:20:00,977 [ERROR] Erro ao enviar/mover arquivo: GoogleAuth.ServiceAuth() takes 1 positional argument but 2 were given
2025-08-22 15:20:00,977 [INFO] [MONITOR] Processando credenciais.json...
2025-08-22 15:20:00,977 [INFO] Enviando C:\Users\carlos.santos\Desktop\App_XML\credenciais.json para o Google Drive: ['ALENCAR CONTABILIDADE LTDA', 'ARQUIVOS', 'json', '2025', '08']
2025-08-22 15:20:00,979 [ERROR] Erro ao enviar/mover arquivo: GoogleAuth.ServiceAuth() takes 1 positional argument but 2 were given
2025-08-22 15:20:00,979 [INFO] [MONITOR] Processando cria_tabela_empresas.py...
2025-08-22 15:20:00,979 [INFO] Enviando C:\Users\carlos.santos\Desktop\App_XML\cria_tabela_empresas.py para o Google Drive: ['ALENCAR CONTABILIDADE LTDA', 'ARQUIVOS', 'py', '2025', '08']
2025-08-22 15:20:00,980 [ERROR] Erro ao enviar/mover arquivo: GoogleAuth.ServiceAuth() takes 1 positional argument but 2 were given
2025-08-22 15:20:00,981 [INFO] [MONITOR] Processando docker-compose.yml...
2025-08-22 15:20:00,981 [INFO] Enviando C:\Users\carlos.santos\Desktop\App_XML\docker-compose.yml para o Google Drive: ['ALENCAR CONTABILIDADE LTDA', 'ARQUIVOS', 'yml', '2025', '08']
2025-08-22 15:20:00,983 [ERROR] Erro ao enviar/mover arquivo: GoogleAuth.ServiceAuth() takes 1 positional argument but 2 were given
2025-08-22 15:20:00,983 [INFO] [MONITOR] Processando empresas.db...
2025-08-22 15:20:00,983 [INFO] Enviando C:\Users\carlos.santos\Desktop\App_XML\empresas.db para o Google Drive: ['ALENCAR CONTABILIDADE LTDA', 'ARQUIVOS', 'db', '2025', '08']
2025-08-22 15:20:00,985 [ERROR] Erro ao enviar/mover arquivo: GoogleAuth.ServiceAuth() takes 1 positional argument but 2 were given
2025-08-22 15:20:00,985 [INFO] [MONITOR] Processando index_embutido_streamlit.html...
2025-08-22 15:20:00,985 [INFO] Enviando C:\Users\carlos.santos\Desktop\App_XML\index_embutido_streamlit.html para o Google Drive: ['ALENCAR CONTABILIDADE LTDA', 'ARQUIVOS', 'html', '2025', '08']
2025-08-22 15:20:00,987 [ERROR] Erro ao enviar/mover arquivo: GoogleAuth.ServiceAuth() takes 1 positional argument but 2 were given
2025-08-22 15:20:00,988 [INFO] [MONITOR] Processando logo.png...
2025-08-22 15:20:00,988 [INFO] Enviando C:\Users\carlos.santos\Desktop\App_XML\logo.png para o Google Drive: ['ALENCAR CONTABILIDADE LTDA', 'ARQUIVOS', 'png', '2025', '08']
2025-08-22 15:20:00,990 [ERROR] Erro ao enviar/mover arquivo: GoogleAuth.ServiceAuth() takes 1 positional argument but 2 were given
2025-08-22 15:20:00,990 [INFO] [MONITOR] Processando Papel Timbrado A4 Médica Receituário Elegante Dourado (1).pdf...
2025-08-22 15:20:00,990 [INFO] Enviando C:\Users\carlos.santos\Desktop\App_XML\Papel Timbrado A4 Médica Receituário Elegante Dourado (1).pdf para o Google Drive: ['ALENCAR CONTABILIDADE LTDA', 'ARQUIVOS', 'pdf', '2025', '08']
2025-08-22 15:20:00,992 [ERROR] Erro ao enviar/mover arquivo: GoogleAuth.ServiceAuth() takes 1 positional argument but 2 were given
2025-08-22 15:20:00,992 [INFO] [MONITOR] Processando README.md...
2025-08-22 15:20:00,992 [INFO] Enviando C:\Users\carlos.santos\Desktop\App_XML\README.md para o Google Drive: ['ALENCAR CONTABILIDADE LTDA', 'ARQUIVOS', 'md', '2025', '08']
2025-08-22 15:20:00,994 [ERROR] Erro ao enviar/mover arquivo: GoogleAuth.ServiceAuth() takes 1 positional argument but 2 were given
2025-08-22 15:20:00,994 [INFO] [MONITOR] Processando registrar_usuario_eliane.py...
2025-08-22 15:20:00,994 [INFO] Enviando C:\Users\carlos.santos\Desktop\App_XML\registrar_usuario_eliane.py para o Google Drive: ['ALENCAR CONTABILIDADE LTDA', 'ARQUIVOS', 'py', '2025', '08']
2025-08-22 15:20:00,996 [ERROR] Erro ao enviar/mover arquivo: GoogleAuth.ServiceAuth() takes 1 positional argument but 2 were given
2025-08-22 15:20:00,996 [INFO] [MONITOR] Processando requirements.txt...
2025-08-22 15:20:00,996 [INFO] Enviando C:\Users\carlos.santos\Desktop\App_XML\requirements.txt para o Google Drive: ['ALENCAR CONTABILIDADE LTDA', 'ARQUIVOS', 'txt', '2025', '08']
2025-08-22 15:20:00,998 [ERROR] Erro ao enviar/mover arquivo: GoogleAuth.ServiceAuth() takes 1 positional argument but 2 were given
2025-08-22 15:20:00,998 [INFO] [MONITOR] Processando rodar_app.bat...
2025-08-22 15:20:00,998 [INFO] Enviando C:\Users\carlos.santos\Desktop\App_XML\rodar_app.bat para o Google Drive: ['ALENCAR CONTABILIDADE LTDA', 'ARQUIVOS', 'bat', '2025', '08']
2025-08-22 15:20:01,000 [ERROR] Erro ao enviar/mover arquivo: GoogleAuth.ServiceAuth() takes 1 positional argument but 2 were given
2025-08-22 15:20:01,000 [INFO] [MONITOR] Processando rodar_backup_automatico.bat...
2025-08-22 15:20:01,000 [INFO] Enviando C:\Users\carlos.santos\Desktop\App_XML\rodar_backup_automatico.bat para o Google Drive: ['ALENCAR CONTABILIDADE LTDA', 'ARQUIVOS', 'bat', '2025', '08']
2025-08-22 15:20:01,002 [ERROR] Erro ao enviar/mover arquivo: GoogleAuth.ServiceAuth() takes 1 positional argument but 2 were given
2025-08-22 15:20:01,002 [INFO] [MONITOR] Processando usuarios.db...
2025-08-22 15:20:01,003 [INFO] Enviando C:\Users\carlos.santos\Desktop\App_XML\usuarios.db para o Google Drive: ['ALENCAR CONTABILIDADE LTDA', 'ARQUIVOS', 'db', '2025', '08']
2025-08-22 15:20:01,005 [ERROR] Erro ao enviar/mover arquivo: GoogleAuth.ServiceAuth() takes 1 positional argument but 2 were given
2025-08-22 15:20:01,006 [INFO] [MONITOR] Processando usuarios_cadastrados.txt...
2025-08-22 15:20:01,006 [INFO] Enviando C:\Users\carlos.santos\Desktop\App_XML\usuarios_cadastrados.txt para o Google Drive: ['ALENCAR CONTABILIDADE LTDA', 'ARQUIVOS', 'txt', '2025', '08']
2025-08-22 15:20:01,008 [ERROR] Erro ao enviar/mover arquivo: GoogleAuth.ServiceAuth() takes 1 positional argument but 2 were given
2025-08-22 15:20:01,008 [INFO] [MONITOR] Processando yExportaRequirements.bat...
2025-08-22 15:20:01,008 [INFO] Enviando C:\Users\carlos.santos\Desktop\App_XML\yExportaRequirements.bat para o Google Drive: ['ALENCAR CONTABILIDADE LTDA', 'ARQUIVOS', 'bat', '2025', '08']
2025-08-22 15:20:01,010 [ERROR] Erro ao enviar/mover arquivo: GoogleAuth.ServiceAuth() takes 1 positional argument but 2 were given
2025-08-22 15:20:31,012 [INFO] [MONITOR] Arquivos encontrados: ['.gitattributes', '.gitignore', 'app.py', 'atualiza_admin_permissoes.py', 'atualiza_datas_xml.py', 'atualiza_documentos_sql.py', 'atualiza_usuario_documentos.py', 'config.toml', 'config_auth.yaml', 'Contabilina.py', 'Contabilina.spec', 'Contabilina_arquivos.spec', 'credenciais.json', 'cria_tabela_empresas.py', 'docker-compose.yml', 'empresas.db', 'index_embutido_streamlit.html', 'logo.png', 'Papel Timbrado A4 Médica Receituário Elegante Dourado (1).pdf', 'README.md', 'registrar_usuario_eliane.py', 'requirements.txt', 'rodar_app.bat', 'rodar_backup_automatico.bat', 'usuarios.db', 'usuarios_cadastrados.txt', 'yExportaRequirements.bat']
2025-08-22 15:20:31,012 [INFO] [MONITOR] Processando .gitattributes...
2025-08-22 15:20:31,012 [INFO] Enviando C:\Users\carlos.santos\Desktop\App_XML\.gitattributes para o Google Drive: ['ALENCAR CONTABILIDADE LTDA', 'ARQUIVOS', 'outros', '2025', '08']
2025-08-22 15:20:31,013 [ERROR] Erro ao enviar/mover arquivo: GoogleAuth.ServiceAuth() takes 1 positional argument but 2 were given
2025-08-22 15:20:31,013 [INFO] [MONITOR] Processando .gitignore...
2025-08-22 15:20:31,013 [INFO] Enviando C:\Users\carlos.santos\Desktop\App_XML\.gitignore para o Google Drive: ['ALENCAR CONTABILIDADE LTDA', 'ARQUIVOS', 'outros', '2025', '08']
2025-08-22 15:20:31,014 [ERROR] Erro ao enviar/mover arquivo: GoogleAuth.ServiceAuth() takes 1 positional argument but 2 were given
2025-08-22 15:20:31,014 [INFO] [MONITOR] Processando app.py...
2025-08-22 15:20:31,014 [INFO] Enviando C:\Users\carlos.santos\Desktop\App_XML\app.py para o Google Drive: ['ALENCAR CONTABILIDADE LTDA', 'ARQUIVOS', 'py', '2025', '08']
2025-08-22 15:20:31,015 [ERROR] Erro ao enviar/mover arquivo: GoogleAuth.ServiceAuth() takes 1 positional argument but 2 were given
2025-08-22 15:20:31,015 [INFO] [MONITOR] Processando atualiza_admin_permissoes.py...
2025-08-22 15:20:31,015 [INFO] Enviando C:\Users\carlos.santos\Desktop\App_XML\atualiza_admin_permissoes.py para o Google Drive: ['ALENCAR CONTABILIDADE LTDA', 'ARQUIVOS', 'py', '2025', '08']
2025-08-22 15:20:31,016 [ERROR] Erro ao enviar/mover arquivo: GoogleAuth.ServiceAuth() takes 1 positional argument but 2 were given
2025-08-22 15:20:31,017 [INFO] [MONITOR] Processando atualiza_datas_xml.py...
2025-08-22 15:20:31,017 [INFO] Enviando C:\Users\carlos.santos\Desktop\App_XML\atualiza_datas_xml.py para o Google Drive: ['ALENCAR CONTABILIDADE LTDA', 'ARQUIVOS', 'py', '2025', '08']
2025-08-22 15:20:31,018 [ERROR] Erro ao enviar/mover arquivo: GoogleAuth.ServiceAuth() takes 1 positional argument but 2 were given
2025-08-22 15:20:31,018 [INFO] [MONITOR] Processando atualiza_documentos_sql.py...
2025-08-22 15:20:31,018 [INFO] Enviando C:\Users\carlos.santos\Desktop\App_XML\atualiza_documentos_sql.py para o Google Drive: ['ALENCAR CONTABILIDADE LTDA', 'ARQUIVOS', 'py', '2025', '08']
2025-08-22 15:20:31,019 [ERROR] Erro ao enviar/mover arquivo: GoogleAuth.ServiceAuth() takes 1 positional argument but 2 were given
2025-08-22 15:20:31,019 [INFO] [MONITOR] Processando atualiza_usuario_documentos.py...
2025-08-22 15:20:31,020 [INFO] Enviando C:\Users\carlos.santos\Desktop\App_XML\atualiza_usuario_documentos.py para o Google Drive: ['ALENCAR CONTABILIDADE LTDA', 'ARQUIVOS', 'py', '2025', '08']
2025-08-22 15:20:31,021 [ERROR] Erro ao enviar/mover arquivo: GoogleAuth.ServiceAuth() takes 1 positional argument but 2 were given
2025-08-22 15:20:31,021 [INFO] [MONITOR] Processando config.toml...
2025-08-22 15:20:31,021 [INFO] Enviando C:\Users\carlos.santos\Desktop\App_XML\config.toml para o Google Drive: ['ALENCAR CONTABILIDADE LTDA', 'ARQUIVOS', 'toml', '2025', '08']
2025-08-22 15:20:31,022 [ERROR] Erro ao enviar/mover arquivo: GoogleAuth.ServiceAuth() takes 1 positional argument but 2 were given
2025-08-22 15:20:31,022 [INFO] [MONITOR] Processando config_auth.yaml...
2025-08-22 15:20:31,022 [INFO] Enviando C:\Users\carlos.santos\Desktop\App_XML\config_auth.yaml para o Google Drive: ['ALENCAR CONTABILIDADE LTDA', 'ARQUIVOS', 'yaml', '2025', '08']
2025-08-22 15:20:31,023 [ERROR] Erro ao enviar/mover arquivo: GoogleAuth.ServiceAuth() takes 1 positional argument but 2 were given
2025-08-22 15:20:31,023 [INFO] [MONITOR] Processando Contabilina.py...
2025-08-22 15:20:31,023 [INFO] Enviando C:\Users\carlos.santos\Desktop\App_XML\Contabilina.py para o Google Drive: ['ALENCAR CONTABILIDADE LTDA', 'ARQUIVOS', 'py', '2025', '08']
2025-08-22 15:20:31,024 [ERROR] Erro ao enviar/mover arquivo: GoogleAuth.ServiceAuth() takes 1 positional argument but 2 were given
2025-08-22 15:20:31,025 [INFO] [MONITOR] Processando Contabilina.spec...
2025-08-22 15:20:31,025 [INFO] Enviando C:\Users\carlos.santos\Desktop\App_XML\Contabilina.spec para o Google Drive: ['ALENCAR CONTABILIDADE LTDA', 'ARQUIVOS', 'spec', '2025', '08']
2025-08-22 15:20:31,026 [ERROR] Erro ao enviar/mover arquivo: GoogleAuth.ServiceAuth() takes 1 positional argument but 2 were given
2025-08-22 15:20:31,026 [INFO] [MONITOR] Processando Contabilina_arquivos.spec...
2025-08-22 15:20:31,027 [INFO] Enviando C:\Users\carlos.santos\Desktop\App_XML\Contabilina_arquivos.spec para o Google Drive: ['ALENCAR CONTABILIDADE LTDA', 'ARQUIVOS', 'spec', '2025', '08']
2025-08-22 15:20:31,028 [ERROR] Erro ao enviar/mover arquivo: GoogleAuth.ServiceAuth() takes 1 positional argument but 2 were given
2025-08-22 15:20:31,028 [INFO] [MONITOR] Processando credenciais.json...
2025-08-22 15:20:31,028 [INFO] Enviando C:\Users\carlos.santos\Desktop\App_XML\credenciais.json para o Google Drive: ['ALENCAR CONTABILIDADE LTDA', 'ARQUIVOS', 'json', '2025', '08']
2025-08-22 15:20:31,029 [ERROR] Erro ao enviar/mover arquivo: GoogleAuth.ServiceAuth() takes 1 positional argument but 2 were given
2025-08-22 15:20:31,029 [INFO] [MONITOR] Processando cria_tabela_empresas.py...
2025-08-22 15:20:31,029 [INFO] Enviando C:\Users\carlos.santos\Desktop\App_XML\cria_tabela_empresas.py para o Google Drive: ['ALENCAR CONTABILIDADE LTDA', 'ARQUIVOS', 'py', '2025', '08']
2025-08-22 15:20:31,030 [ERROR] Erro ao enviar/mover arquivo: GoogleAuth.ServiceAuth() takes 1 positional argument but 2 were given
2025-08-22 15:20:31,030 [INFO] [MONITOR] Processando docker-compose.yml...
2025-08-22 15:20:31,030 [INFO] Enviando C:\Users\carlos.santos\Desktop\App_XML\docker-compose.yml para o Google Drive: ['ALENCAR CONTABILIDADE LTDA', 'ARQUIVOS', 'yml', '2025', '08']
2025-08-22 15:20:31,031 [ERROR] Erro ao enviar/mover arquivo: GoogleAuth.ServiceAuth() takes 1 positional argument but 2 were given
2025-08-22 15:20:31,031 [INFO] [MONITOR] Processando empresas.db...
2025-08-22 15:20:31,031 [INFO] Enviando C:\Users\carlos.santos\Desktop\App_XML\empresas.db para o Google Drive: ['ALENCAR CONTABILIDADE LTDA', 'ARQUIVOS', 'db', '2025', '08']
2025-08-22 15:20:31,032 [ERROR] Erro ao enviar/mover arquivo: GoogleAuth.ServiceAuth() takes 1 positional argument but 2 were given
2025-08-22 15:20:31,032 [INFO] [MONITOR] Processando index_embutido_streamlit.html...
2025-08-22 15:20:31,032 [INFO] Enviando C:\Users\carlos.santos\Desktop\App_XML\index_embutido_streamlit.html para o Google Drive: ['ALENCAR CONTABILIDADE LTDA', 'ARQUIVOS', 'html', '2025', '08']
2025-08-22 15:20:31,033 [ERROR] Erro ao enviar/mover arquivo: GoogleAuth.ServiceAuth() takes 1 positional argument but 2 were given
2025-08-22 15:20:31,034 [INFO] [MONITOR] Processando logo.png...
2025-08-22 15:20:31,034 [INFO] Enviando C:\Users\carlos.santos\Desktop\App_XML\logo.png para o Google Drive: ['ALENCAR CONTABILIDADE LTDA', 'ARQUIVOS', 'png', '2025', '08']
2025-08-22 15:20:31,035 [ERROR] Erro ao enviar/mover arquivo: GoogleAuth.ServiceAuth() takes 1 positional argument but 2 were given
2025-08-22 15:20:31,035 [INFO] [MONITOR] Processando Papel Timbrado A4 Médica Receituário Elegante Dourado (1).pdf...
2025-08-22 15:20:31,035 [INFO] Enviando C:\Users\carlos.santos\Desktop\App_XML\Papel Timbrado A4 Médica Receituário Elegante Dourado (1).pdf para o Google Drive: ['ALENCAR CONTABILIDADE LTDA', 'ARQUIVOS', 'pdf', '2025', '08']
2025-08-22 15:20:31,036 [ERROR] Erro ao enviar/mover arquivo: GoogleAuth.ServiceAuth() takes 1 positional argument but 2 were given
2025-08-22 15:20:31,036 [INFO] [MONITOR] Processando README.md...
2025-08-22 15:20:31,036 [INFO] Enviando C:\Users\carlos.santos\Desktop\App_XML\README.md para o Google Drive: ['ALENCAR CONTABILIDADE LTDA', 'ARQUIVOS', 'md', '2025', '08']
2025-08-22 15:20:31,037 [ERROR] Erro ao enviar/mover arquivo: GoogleAuth.ServiceAuth() takes 1 positional argument but 2 were given
2025-08-22 15:20:31,037 [INFO] [MONITOR] Processando registrar_usuario_eliane.py...
2025-08-22 15:20:31,037 [INFO] Enviando C:\Users\carlos.santos\Desktop\App_XML\registrar_usuario_eliane.py para o Google Drive: ['ALENCAR CONTABILIDADE LTDA', 'ARQUIVOS', 'py', '2025', '08']
2025-08-22 15:20:31,038 [ERROR] Erro ao enviar/mover arquivo: GoogleAuth.ServiceAuth() takes 1 positional argument but 2 were given
2025-08-22 15:20:31,038 [INFO] [MONITOR] Processando requirements.txt...
2025-08-22 15:20:31,038 [INFO] Enviando C:\Users\carlos.santos\Desktop\App_XML\requirements.txt para o Google Drive: ['ALENCAR CONTABILIDADE LTDA', 'ARQUIVOS', 'txt', '2025', '08']
2025-08-22 15:20:31,039 [ERROR] Erro ao enviar/mover arquivo: GoogleAuth.ServiceAuth() takes 1 positional argument but 2 were given
2025-08-22 15:20:31,039 [INFO] [MONITOR] Processando rodar_app.bat...
2025-08-22 15:20:31,039 [INFO] Enviando C:\Users\carlos.santos\Desktop\App_XML\rodar_app.bat para o Google Drive: ['ALENCAR CONTABILIDADE LTDA', 'ARQUIVOS', 'bat', '2025', '08']
2025-08-22 15:20:31,040 [ERROR] Erro ao enviar/mover arquivo: GoogleAuth.ServiceAuth() takes 1 positional argument but 2 were given
2025-08-22 15:20:31,040 [INFO] [MONITOR] Processando rodar_backup_automatico.bat...
2025-08-22 15:20:31,040 [INFO] Enviando C:\Users\carlos.santos\Desktop\App_XML\rodar_backup_automatico.bat para o Google Drive: ['ALENCAR CONTABILIDADE LTDA', 'ARQUIVOS', 'bat', '2025', '08']
2025-08-22 15:20:31,041 [ERROR] Erro ao enviar/mover arquivo: GoogleAuth.ServiceAuth() takes 1 positional argument but 2 were given
2025-08-22 15:20:31,041 [INFO] [MONITOR] Processando usuarios.db...
2025-08-22 15:20:31,041 [INFO] Enviando C:\Users\carlos.santos\Desktop\App_XML\usuarios.db para o Google Drive: ['ALENCAR CONTABILIDADE LTDA', 'ARQUIVOS', 'db', '2025', '08']
2025-08-22 15:20:31,042 [ERROR] Erro ao enviar/mover arquivo: GoogleAuth.ServiceAuth() takes 1 positional argument but 2 were given
2025-08-22 15:20:31,043 [INFO] [MONITOR] Processando usuarios_cadastrados.txt...
2025-08-22 15:20:31,043 [INFO] Enviando C:\Users\carlos.santos\Desktop\App_XML\usuarios_cadastrados.txt para o Google Drive: ['ALENCAR CONTABILIDADE LTDA', 'ARQUIVOS', 'txt', '2025', '08']
2025-08-22 15:20:31,044 [ERROR] Erro ao enviar/mover arquivo: GoogleAuth.ServiceAuth() takes 1 positional argument but 2 were given
2025-08-22 15:20:31,044 [INFO] [MONITOR] Processando yExportaRequirements.bat...
2025-08-22 15:20:31,044 [INFO] Enviando C:\Users\carlos.santos\Desktop\App_XML\yExportaRequirements.bat para o Google Drive: ['ALENCAR CONTABILIDADE LTDA', 'ARQUIVOS', 'bat', '2025', '08']
2025-08-22 15:20:31,045 [ERROR] Erro ao enviar/mover arquivo: GoogleAuth.ServiceAuth() takes 1 positional argument but 2 were given
2025-08-22 15:21:01,048 [INFO] [MONITOR] Arquivos encontrados: ['.gitattributes', '.gitignore', 'app.py', 'atualiza_admin_permissoes.py', 'atualiza_datas_xml.py', 'atualiza_documentos_sql.py', 'atualiza_usuario_documentos.py', 'config.toml', 'config_auth.yaml', 'Contabilina.py', 'Contabilina.spec', 'Contabilina_arquivos.spec', 'credenciais.json', 'cria_tabela_empresas.py', 'docker-compose.yml', 'empresas.db', 'index_embutido_streamlit.html', 'logo.png', 'Papel Timbrado A4 Médica Receituário Elegante Dourado (1).pdf', 'README.md', 'registrar_usuario_eliane.py', 'requirements.txt', 'rodar_app.bat', 'rodar_backup_automatico.bat', 'usuarios.db', 'usuarios_cadastrados.txt', 'yExportaRequirements.bat']
2025-08-22 15:21:01,048 [INFO] [MONITOR] Processando .gitattributes...
2025-08-22 15:21:01,048 [INFO] Enviando C:\Users\carlos.santos\Desktop\App_XML\.gitattributes para o Google Drive: ['ALENCAR CONTABILIDADE LTDA', 'ARQUIVOS', 'outros', '2025', '08']
2025-08-22 15:21:01,049 [ERROR] Erro ao enviar/mover arquivo: GoogleAuth.ServiceAuth() takes 1 positional argument but 2 were given
2025-08-22 15:21:01,050 [INFO] [MONITOR] Processando .gitignore...
2025-08-22 15:21:01,050 [INFO] Enviando C:\Users\carlos.santos\Desktop\App_XML\.gitignore para o Google Drive: ['ALENCAR CONTABILIDADE LTDA', 'ARQUIVOS', 'outros', '2025', '08']
2025-08-22 15:21:01,051 [ERROR] Erro ao enviar/mover arquivo: GoogleAuth.ServiceAuth() takes 1 positional argument but 2 were given
2025-08-22 15:21:01,051 [INFO] [MONITOR] Processando app.py...
2025-08-22 15:21:01,052 [INFO] Enviando C:\Users\carlos.santos\Desktop\App_XML\app.py para o Google Drive: ['ALENCAR CONTABILIDADE LTDA', 'ARQUIVOS', 'py', '2025', '08']
2025-08-22 15:21:01,053 [ERROR] Erro ao enviar/mover arquivo: GoogleAuth.ServiceAuth() takes 1 positional argument but 2 were given
2025-08-22 15:21:01,053 [INFO] [MONITOR] Processando atualiza_admin_permissoes.py...
2025-08-22 15:21:01,053 [INFO] Enviando C:\Users\carlos.santos\Desktop\App_XML\atualiza_admin_permissoes.py para o Google Drive: ['ALENCAR CONTABILIDADE LTDA', 'ARQUIVOS', 'py', '2025', '08']
2025-08-22 15:21:01,055 [ERROR] Erro ao enviar/mover arquivo: GoogleAuth.ServiceAuth() takes 1 positional argument but 2 were given
2025-08-22 15:21:01,055 [INFO] [MONITOR] Processando atualiza_datas_xml.py...
2025-08-22 15:21:01,055 [INFO] Enviando C:\Users\carlos.santos\Desktop\App_XML\atualiza_datas_xml.py para o Google Drive: ['ALENCAR CONTABILIDADE LTDA', 'ARQUIVOS', 'py', '2025', '08']
2025-08-22 15:21:01,057 [ERROR] Erro ao enviar/mover arquivo: GoogleAuth.ServiceAuth() takes 1 positional argument but 2 were given
2025-08-22 15:21:01,057 [INFO] [MONITOR] Processando atualiza_documentos_sql.py...
2025-08-22 15:21:01,057 [INFO] Enviando C:\Users\carlos.santos\Desktop\App_XML\atualiza_documentos_sql.py para o Google Drive: ['ALENCAR CONTABILIDADE LTDA', 'ARQUIVOS', 'py', '2025', '08']
2025-08-22 15:21:01,059 [ERROR] Erro ao enviar/mover arquivo: GoogleAuth.ServiceAuth() takes 1 positional argument but 2 were given
2025-08-22 15:21:01,059 [INFO] [MONITOR] Processando atualiza_usuario_documentos.py...
2025-08-22 15:21:01,059 [INFO] Enviando C:\Users\carlos.santos\Desktop\App_XML\atualiza_usuario_documentos.py para o Google Drive: ['ALENCAR CONTABILIDADE LTDA', 'ARQUIVOS', 'py', '2025', '08']
2025-08-22 15:21:01,062 [ERROR] Erro ao enviar/mover arquivo: GoogleAuth.ServiceAuth() takes 1 positional argument but 2 were given
2025-08-22 15:21:01,062 [INFO] [MONITOR] Processando config.toml...
2025-08-22 15:21:01,062 [INFO] Enviando C:\Users\carlos.santos\Desktop\App_XML\config.toml para o Google Drive: ['ALENCAR CONTABILIDADE LTDA', 'ARQUIVOS', 'toml', '2025', '08']
2025-08-22 15:21:01,064 [ERROR] Erro ao enviar/mover arquivo: GoogleAuth.ServiceAuth() takes 1 positional argument but 2 were given
2025-08-22 15:21:01,065 [INFO] [MONITOR] Processando config_auth.yaml...
2025-08-22 15:21:01,065 [INFO] Enviando C:\Users\carlos.santos\Desktop\App_XML\config_auth.yaml para o Google Drive: ['ALENCAR CONTABILIDADE LTDA', 'ARQUIVOS', 'yaml', '2025', '08']
2025-08-22 15:21:01,066 [ERROR] Erro ao enviar/mover arquivo: GoogleAuth.ServiceAuth() takes 1 positional argument but 2 were given
2025-08-22 15:21:01,067 [INFO] [MONITOR] Processando Contabilina.py...
2025-08-22 15:21:01,067 [INFO] Enviando C:\Users\carlos.santos\Desktop\App_XML\Contabilina.py para o Google Drive: ['ALENCAR CONTABILIDADE LTDA', 'ARQUIVOS', 'py', '2025', '08']
2025-08-22 15:21:01,068 [ERROR] Erro ao enviar/mover arquivo: GoogleAuth.ServiceAuth() takes 1 positional argument but 2 were given
2025-08-22 15:21:01,068 [INFO] [MONITOR] Processando Contabilina.spec...
2025-08-22 15:21:01,069 [INFO] Enviando C:\Users\carlos.santos\Desktop\App_XML\Contabilina.spec para o Google Drive: ['ALENCAR CONTABILIDADE LTDA', 'ARQUIVOS', 'spec', '2025', '08']
2025-08-22 15:21:01,070 [ERROR] Erro ao enviar/mover arquivo: GoogleAuth.ServiceAuth() takes 1 positional argument but 2 were given
2025-08-22 15:21:01,070 [INFO] [MONITOR] Processando Contabilina_arquivos.spec...
2025-08-22 15:21:01,071 [INFO] Enviando C:\Users\carlos.santos\Desktop\App_XML\Contabilina_arquivos.spec para o Google Drive: ['ALENCAR CONTABILIDADE LTDA', 'ARQUIVOS', 'spec', '2025', '08']
2025-08-22 15:21:01,072 [ERROR] Erro ao enviar/mover arquivo: GoogleAuth.ServiceAuth() takes 1 positional argument but 2 were given
2025-08-22 15:21:01,073 [INFO] [MONITOR] Processando credenciais.json...
2025-08-22 15:21:01,073 [INFO] Enviando C:\Users\carlos.santos\Desktop\App_XML\credenciais.json para o Google Drive: ['ALENCAR CONTABILIDADE LTDA', 'ARQUIVOS', 'json', '2025', '08']
2025-08-22 15:21:01,074 [ERROR] Erro ao enviar/mover arquivo: GoogleAuth.ServiceAuth() takes 1 positional argument but 2 were given
2025-08-22 15:21:01,074 [INFO] [MONITOR] Processando cria_tabela_empresas.py...
2025-08-22 15:21:01,075 [INFO] Enviando C:\Users\carlos.santos\Desktop\App_XML\cria_tabela_empresas.py para o Google Drive: ['ALENCAR CONTABILIDADE LTDA', 'ARQUIVOS', 'py', '2025', '08']
2025-08-22 15:21:01,076 [ERROR] Erro ao enviar/mover arquivo: GoogleAuth.ServiceAuth() takes 1 positional argument but 2 were given
2025-08-22 15:21:01,076 [INFO] [MONITOR] Processando docker-compose.yml...
2025-08-22 15:21:01,077 [INFO] Enviando C:\Users\carlos.santos\Desktop\App_XML\docker-compose.yml para o Google Drive: ['ALENCAR CONTABILIDADE LTDA', 'ARQUIVOS', 'yml', '2025', '08']
2025-08-22 15:21:01,078 [ERROR] Erro ao enviar/mover arquivo: GoogleAuth.ServiceAuth() takes 1 positional argument but 2 were given
2025-08-22 15:21:01,078 [INFO] [MONITOR] Processando empresas.db...
2025-08-22 15:21:01,078 [INFO] Enviando C:\Users\carlos.santos\Desktop\App_XML\empresas.db para o Google Drive: ['ALENCAR CONTABILIDADE LTDA', 'ARQUIVOS', 'db', '2025', '08']
2025-08-22 15:21:01,080 [ERROR] Erro ao enviar/mover arquivo: GoogleAuth.ServiceAuth() takes 1 positional argument but 2 were given
2025-08-22 15:21:01,081 [INFO] [MONITOR] Processando index_embutido_streamlit.html...
2025-08-22 15:21:01,081 [INFO] Enviando C:\Users\carlos.santos\Desktop\App_XML\index_embutido_streamlit.html para o Google Drive: ['ALENCAR CONTABILIDADE LTDA', 'ARQUIVOS', 'html', '2025', '08']
2025-08-22 15:21:01,082 [ERROR] Erro ao enviar/mover arquivo: GoogleAuth.ServiceAuth() takes 1 positional argument but 2 were given
2025-08-22 15:21:01,082 [INFO] [MONITOR] Processando logo.png...
2025-08-22 15:21:01,083 [INFO] Enviando C:\Users\carlos.santos\Desktop\App_XML\logo.png para o Google Drive: ['ALENCAR CONTABILIDADE LTDA', 'ARQUIVOS', 'png', '2025', '08']
2025-08-22 15:21:01,084 [ERROR] Erro ao enviar/mover arquivo: GoogleAuth.ServiceAuth() takes 1 positional argument but 2 were given
2025-08-22 15:21:01,084 [INFO] [MONITOR] Processando Papel Timbrado A4 Médica Receituário Elegante Dourado (1).pdf...
2025-08-22 15:21:01,084 [INFO] Enviando C:\Users\carlos.santos\Desktop\App_XML\Papel Timbrado A4 Médica Receituário Elegante Dourado (1).pdf para o Google Drive: ['ALENCAR CONTABILIDADE LTDA', 'ARQUIVOS', 'pdf', '2025', '08']
2025-08-22 15:21:01,086 [ERROR] Erro ao enviar/mover arquivo: GoogleAuth.ServiceAuth() takes 1 positional argument but 2 were given
2025-08-22 15:21:01,086 [INFO] [MONITOR] Processando README.md...
2025-08-22 15:21:01,086 [INFO] Enviando C:\Users\carlos.santos\Desktop\App_XML\README.md para o Google Drive: ['ALENCAR CONTABILIDADE LTDA', 'ARQUIVOS', 'md', '2025', '08']
2025-08-22 15:21:01,088 [ERROR] Erro ao enviar/mover arquivo: GoogleAuth.ServiceAuth() takes 1 positional argument but 2 were given
2025-08-22 15:21:01,088 [INFO] [MONITOR] Processando registrar_usuario_eliane.py...
2025-08-22 15:21:01,088 [INFO] Enviando C:\Users\carlos.santos\Desktop\App_XML\registrar_usuario_eliane.py para o Google Drive: ['ALENCAR CONTABILIDADE LTDA', 'ARQUIVOS', 'py', '2025', '08']
2025-08-22 15:21:01,090 [ERROR] Erro ao enviar/mover arquivo: GoogleAuth.ServiceAuth() takes 1 positional argument but 2 were given
2025-08-22 15:21:01,090 [INFO] [MONITOR] Processando requirements.txt...
2025-08-22 15:21:01,090 [INFO] Enviando C:\Users\carlos.santos\Desktop\App_XML\requirements.txt para o Google Drive: ['ALENCAR CONTABILIDADE LTDA', 'ARQUIVOS', 'txt', '2025', '08']
2025-08-22 15:21:01,092 [ERROR] Erro ao enviar/mover arquivo: GoogleAuth.ServiceAuth() takes 1 positional argument but 2 were given
2025-08-22 15:21:01,092 [INFO] [MONITOR] Processando rodar_app.bat...
2025-08-22 15:21:01,092 [INFO] Enviando C:\Users\carlos.santos\Desktop\App_XML\rodar_app.bat para o Google Drive: ['ALENCAR CONTABILIDADE LTDA', 'ARQUIVOS', 'bat', '2025', '08']
2025-08-22 15:21:01,094 [ERROR] Erro ao enviar/mover arquivo: GoogleAuth.ServiceAuth() takes 1 positional argument but 2 were given
2025-08-22 15:21:01,094 [INFO] [MONITOR] Processando rodar_backup_automatico.bat...
2025-08-22 15:21:01,094 [INFO] Enviando C:\Users\carlos.santos\Desktop\App_XML\rodar_backup_automatico.bat para o Google Drive: ['ALENCAR CONTABILIDADE LTDA', 'ARQUIVOS', 'bat', '2025', '08']
2025-08-22 15:21:01,096 [ERROR] Erro ao enviar/mover arquivo: GoogleAuth.ServiceAuth() takes 1 positional argument but 2 were given
2025-08-22 15:21:01,096 [INFO] [MONITOR] Processando usuarios.db...
2025-08-22 15:21:01,097 [INFO] Enviando C:\Users\carlos.santos\Desktop\App_XML\usuarios.db para o Google Drive: ['ALENCAR CONTABILIDADE LTDA', 'ARQUIVOS', 'db', '2025', '08']
2025-08-22 15:21:01,098 [ERROR] Erro ao enviar/mover arquivo: GoogleAuth.ServiceAuth() takes 1 positional argument but 2 were given
2025-08-22 15:21:01,099 [INFO] [MONITOR] Processando usuarios_cadastrados.txt...
2025-08-22 15:21:01,099 [INFO] Enviando C:\Users\carlos.santos\Desktop\App_XML\usuarios_cadastrados.txt para o Google Drive: ['ALENCAR CONTABILIDADE LTDA', 'ARQUIVOS', 'txt', '2025', '08']
2025-08-22 15:21:01,100 [ERROR] Erro ao enviar/mover arquivo: GoogleAuth.ServiceAuth() takes 1 positional argument but 2 were given
2025-08-22 15:21:01,100 [INFO] [MONITOR] Processando yExportaRequirements.bat...
2025-08-22 15:21:01,101 [INFO] Enviando C:\Users\carlos.santos\Desktop\App_XML\yExportaRequirements.bat para o Google Drive: ['ALENCAR CONTABILIDADE LTDA', 'ARQUIVOS', 'bat', '2025', '08']
2025-08-22 15:21:01,102 [ERROR] Erro ao enviar/mover arquivo: GoogleAuth.ServiceAuth() takes 1 positional argument but 2 were given
2025-08-22 15:22:33,240 [INFO] [INICIO] Serviço Contabilina_arquivos iniciado!
2025-08-22 15:22:33,242 [INFO] [MONITOR] Monitorando a pasta por novos arquivos...
2025-08-22 15:22:33,242 [INFO] [MONITOR] Pasta monitorada: C:\Users\carlos.santos\Desktop\App_XML
2025-08-22 15:22:33,242 [INFO] [INICIO] Carregando ícone: c:\Users\carlos.santos\Desktop\App_XML\imagens\CONTABELINA.ico
2025-08-22 15:22:33,248 [INFO] [MONITOR] Arquivos encontrados: ['.gitattributes', '.gitignore', 'app.py', 'atualiza_admin_permissoes.py', 'atualiza_datas_xml.py', 'atualiza_documentos_sql.py', 'atualiza_usuario_documentos.py', 'config.toml', 'config_auth.yaml', 'Contabilina.py', 'Contabilina.spec', 'Contabilina_arquivos.spec', 'credenciais.json', 'cria_tabela_empresas.py', 'docker-compose.yml', 'empresas.db', 'index_embutido_streamlit.html', 'logo.png', 'Papel Timbrado A4 Médica Receituário Elegante Dourado (1).pdf', 'README.md', 'registrar_usuario_eliane.py', 'requirements.txt', 'rodar_app.bat', 'rodar_backup_automatico.bat', 'usuarios.db', 'usuarios_cadastrados.txt', 'yExportaRequirements.bat']
2025-08-22 15:22:33,248 [INFO] [MONITOR] Processando .gitattributes...
2025-08-22 15:22:33,253 [INFO] Enviando C:\Users\carlos.santos\Desktop\App_XML\.gitattributes para o Google Drive: ['ALENCAR CONTABILIDADE LTDA', 'ARQUIVOS', 'outros', '2025', '08']
2025-08-22 15:22:33,299 [ERROR] Erro ao enviar/mover arquivo: 'str' object has no attribute 'get'
2025-08-22 15:22:33,300 [INFO] [MONITOR] Processando .gitignore...
2025-08-22 15:22:33,300 [INFO] Enviando C:\Users\carlos.santos\Desktop\App_XML\.gitignore para o Google Drive: ['ALENCAR CONTABILIDADE LTDA', 'ARQUIVOS', 'outros', '2025', '08']
2025-08-22 15:22:33,302 [ERROR] Erro ao enviar/mover arquivo: 'str' object has no attribute 'get'
2025-08-22 15:22:33,302 [INFO] [MONITOR] Processando app.py...
2025-08-22 15:22:33,302 [INFO] Enviando C:\Users\carlos.santos\Desktop\App_XML\app.py para o Google Drive: ['ALENCAR CONTABILIDADE LTDA', 'ARQUIVOS', 'py', '2025', '08']
2025-08-22 15:22:33,304 [ERROR] Erro ao enviar/mover arquivo: 'str' object has no attribute 'get'
2025-08-22 15:22:33,304 [INFO] [MONITOR] Processando atualiza_admin_permissoes.py...
2025-08-22 15:22:33,304 [INFO] Enviando C:\Users\carlos.santos\Desktop\App_XML\atualiza_admin_permissoes.py para o Google Drive: ['ALENCAR CONTABILIDADE LTDA', 'ARQUIVOS', 'py', '2025', '08']
2025-08-22 15:22:33,308 [ERROR] Erro ao enviar/mover arquivo: 'str' object has no attribute 'get'
2025-08-22 15:22:33,308 [INFO] [MONITOR] Processando atualiza_datas_xml.py...
2025-08-22 15:22:33,309 [INFO] Enviando C:\Users\carlos.santos\Desktop\App_XML\atualiza_datas_xml.py para o Google Drive: ['ALENCAR CONTABILIDADE LTDA', 'ARQUIVOS', 'py', '2025', '08']
2025-08-22 15:22:33,312 [ERROR] Erro ao enviar/mover arquivo: 'str' object has no attribute 'get'
2025-08-22 15:22:33,313 [INFO] [MONITOR] Processando atualiza_documentos_sql.py...
2025-08-22 15:22:33,313 [INFO] Enviando C:\Users\carlos.santos\Desktop\App_XML\atualiza_documentos_sql.py para o Google Drive: ['ALENCAR CONTABILIDADE LTDA', 'ARQUIVOS', 'py', '2025', '08']
2025-08-22 15:22:33,314 [ERROR] Erro ao enviar/mover arquivo: 'str' object has no attribute 'get'
2025-08-22 15:22:33,315 [INFO] [MONITOR] Processando atualiza_usuario_documentos.py...
2025-08-22 15:22:33,315 [INFO] Enviando C:\Users\carlos.santos\Desktop\App_XML\atualiza_usuario_documentos.py para o Google Drive: ['ALENCAR CONTABILIDADE LTDA', 'ARQUIVOS', 'py', '2025', '08']
2025-08-22 15:22:33,317 [ERROR] Erro ao enviar/mover arquivo: 'str' object has no attribute 'get'
2025-08-22 15:22:33,318 [INFO] [MONITOR] Processando config.toml...
2025-08-22 15:22:33,318 [INFO] Enviando C:\Users\carlos.santos\Desktop\App_XML\config.toml para o Google Drive: ['ALENCAR CONTABILIDADE LTDA', 'ARQUIVOS', 'toml', '2025', '08']
2025-08-22 15:22:33,320 [ERROR] Erro ao enviar/mover arquivo: 'str' object has no attribute 'get'
2025-08-22 15:22:33,320 [INFO] [MONITOR] Processando config_auth.yaml...
2025-08-22 15:22:33,328 [INFO] Enviando C:\Users\carlos.santos\Desktop\App_XML\config_auth.yaml para o Google Drive: ['ALENCAR CONTABILIDADE LTDA', 'ARQUIVOS', 'yaml', '2025', '08']
2025-08-22 15:22:33,329 [ERROR] Erro ao enviar/mover arquivo: 'str' object has no attribute 'get'
2025-08-22 15:22:33,330 [INFO] [MONITOR] Processando Contabilina.py...
2025-08-22 15:22:33,330 [INFO] Enviando C:\Users\carlos.santos\Desktop\App_XML\Contabilina.py para o Google Drive: ['ALENCAR CONTABILIDADE LTDA', 'ARQUIVOS', 'py', '2025', '08']
2025-08-22 15:22:33,333 [ERROR] Erro ao enviar/mover arquivo: 'str' object has no attribute 'get'
2025-08-22 15:22:33,333 [INFO] [MONITOR] Processando Contabilina.spec...
2025-08-22 15:22:33,333 [INFO] Enviando C:\Users\carlos.santos\Desktop\App_XML\Contabilina.spec para o Google Drive: ['ALENCAR CONTABILIDADE LTDA', 'ARQUIVOS', 'spec', '2025', '08']
2025-08-22 15:22:33,336 [ERROR] Erro ao enviar/mover arquivo: 'str' object has no attribute 'get'
2025-08-22 15:22:33,336 [INFO] [MONITOR] Processando Contabilina_arquivos.spec...
2025-08-22 15:22:33,336 [INFO] Enviando C:\Users\carlos.santos\Desktop\App_XML\Contabilina_arquivos.spec para o Google Drive: ['ALENCAR CONTABILIDADE LTDA', 'ARQUIVOS', 'spec', '2025', '08']
2025-08-22 15:22:33,339 [ERROR] Erro ao enviar/mover arquivo: 'str' object has no attribute 'get'
2025-08-22 15:22:33,339 [INFO] [MONITOR] Processando credenciais.json...
2025-08-22 15:22:33,339 [INFO] Enviando C:\Users\carlos.santos\Desktop\App_XML\credenciais.json para o Google Drive: ['ALENCAR CONTABILIDADE LTDA', 'ARQUIVOS', 'json', '2025', '08']
2025-08-22 15:22:33,341 [ERROR] Erro ao enviar/mover arquivo: 'str' object has no attribute 'get'
2025-08-22 15:22:33,341 [INFO] [MONITOR] Processando cria_tabela_empresas.py...
2025-08-22 15:22:33,342 [INFO] Enviando C:\Users\carlos.santos\Desktop\App_XML\cria_tabela_empresas.py para o Google Drive: ['ALENCAR CONTABILIDADE LTDA', 'ARQUIVOS', 'py', '2025', '08']
2025-08-22 15:22:33,345 [ERROR] Erro ao enviar/mover arquivo: 'str' object has no attribute 'get'
2025-08-22 15:22:33,345 [INFO] [MONITOR] Processando docker-compose.yml...
2025-08-22 15:22:33,345 [INFO] Enviando C:\Users\carlos.santos\Desktop\App_XML\docker-compose.yml para o Google Drive: ['ALENCAR CONTABILIDADE LTDA', 'ARQUIVOS', 'yml', '2025', '08']
2025-08-22 15:22:33,348 [ERROR] Erro ao enviar/mover arquivo: 'str' object has no attribute 'get'
2025-08-22 15:22:33,348 [INFO] [MONITOR] Processando empresas.db...
2025-08-22 15:22:33,348 [INFO] Enviando C:\Users\carlos.santos\Desktop\App_XML\empresas.db para o Google Drive: ['ALENCAR CONTABILIDADE LTDA', 'ARQUIVOS', 'db', '2025', '08']
2025-08-22 15:22:33,350 [ERROR] Erro ao enviar/mover arquivo: 'str' object has no attribute 'get'
2025-08-22 15:22:33,351 [INFO] [MONITOR] Processando index_embutido_streamlit.html...
2025-08-22 15:22:33,351 [INFO] Enviando C:\Users\carlos.santos\Desktop\App_XML\index_embutido_streamlit.html para o Google Drive: ['ALENCAR CONTABILIDADE LTDA', 'ARQUIVOS', 'html', '2025', '08']
2025-08-22 15:22:33,353 [ERROR] Erro ao enviar/mover arquivo: 'str' object has no attribute 'get'
2025-08-22 15:22:33,354 [INFO] [MONITOR] Processando logo.png...
2025-08-22 15:22:33,354 [INFO] Enviando C:\Users\carlos.santos\Desktop\App_XML\logo.png para o Google Drive: ['ALENCAR CONTABILIDADE LTDA', 'ARQUIVOS', 'png', '2025', '08']
2025-08-22 15:22:33,357 [ERROR] Erro ao enviar/mover arquivo: 'str' object has no attribute 'get'
2025-08-22 15:22:33,357 [INFO] [MONITOR] Processando Papel Timbrado A4 Médica Receituário Elegante Dourado (1).pdf...
2025-08-22 15:22:33,357 [INFO] Enviando C:\Users\carlos.santos\Desktop\App_XML\Papel Timbrado A4 Médica Receituário Elegante Dourado (1).pdf para o Google Drive: ['ALENCAR CONTABILIDADE LTDA', 'ARQUIVOS', 'pdf', '2025', '08']
2025-08-22 15:22:33,359 [ERROR] Erro ao enviar/mover arquivo: 'str' object has no attribute 'get'
2025-08-22 15:22:33,360 [INFO] [MONITOR] Processando README.md...
2025-08-22 15:22:33,361 [INFO] Enviando C:\Users\carlos.santos\Desktop\App_XML\README.md para o Google Drive: ['ALENCAR CONTABILIDADE LTDA', 'ARQUIVOS', 'md', '2025', '08']
2025-08-22 15:22:33,363 [ERROR] Erro ao enviar/mover arquivo: 'str' object has no attribute 'get'
2025-08-22 15:22:33,363 [INFO] [MONITOR] Processando registrar_usuario_eliane.py...
2025-08-22 15:22:33,364 [INFO] Enviando C:\Users\carlos.santos\Desktop\App_XML\registrar_usuario_eliane.py para o Google Drive: ['ALENCAR CONTABILIDADE LTDA', 'ARQUIVOS', 'py', '2025', '08']
2025-08-22 15:22:33,371 [ERROR] Erro ao enviar/mover arquivo: 'str' object has no attribute 'get'
2025-08-22 15:22:33,372 [INFO] [MONITOR] Processando requirements.txt...
2025-08-22 15:22:33,372 [INFO] Enviando C:\Users\carlos.santos\Desktop\App_XML\requirements.txt para o Google Drive: ['ALENCAR CONTABILIDADE LTDA', 'ARQUIVOS', 'txt', '2025', '08']
2025-08-22 15:22:33,374 [ERROR] Erro ao enviar/mover arquivo: 'str' object has no attribute 'get'
2025-08-22 15:22:33,375 [INFO] [MONITOR] Processando rodar_app.bat...
2025-08-22 15:22:33,375 [INFO] Enviando C:\Users\carlos.santos\Desktop\App_XML\rodar_app.bat para o Google Drive: ['ALENCAR CONTABILIDADE LTDA', 'ARQUIVOS', 'bat', '2025', '08']
2025-08-22 15:22:33,377 [ERROR] Erro ao enviar/mover arquivo: 'str' object has no attribute 'get'
2025-08-22 15:22:33,378 [INFO] [MONITOR] Processando rodar_backup_automatico.bat...
2025-08-22 15:22:33,378 [INFO] Enviando C:\Users\carlos.santos\Desktop\App_XML\rodar_backup_automatico.bat para o Google Drive: ['ALENCAR CONTABILIDADE LTDA', 'ARQUIVOS', 'bat', '2025', '08']
2025-08-22 15:22:33,380 [ERROR] Erro ao enviar/mover arquivo: 'str' object has no attribute 'get'
2025-08-22 15:22:33,380 [INFO] [MONITOR] Processando usuarios.db...
2025-08-22 15:22:33,380 [INFO] Enviando C:\Users\carlos.santos\Desktop\App_XML\usuarios.db para o Google Drive: ['ALENCAR CONTABILIDADE LTDA', 'ARQUIVOS', 'db', '2025', '08']
2025-08-22 15:22:33,382 [ERROR] Erro ao enviar/mover arquivo: 'str' object has no attribute 'get'
2025-08-22 15:22:33,383 [INFO] [MONITOR] Processando usuarios_cadastrados.txt...
2025-08-22 15:22:33,383 [INFO] Enviando C:\Users\carlos.santos\Desktop\App_XML\usuarios_cadastrados.txt para o Google Drive: ['ALENCAR CONTABILIDADE LTDA', 'ARQUIVOS', 'txt', '2025', '08']
2025-08-22 15:22:33,385 [ERROR] Erro ao enviar/mover arquivo: 'str' object has no attribute 'get'
2025-08-22 15:22:33,386 [INFO] [MONITOR] Processando yExportaRequirements.bat...
2025-08-22 15:22:33,386 [INFO] Enviando C:\Users\carlos.santos\Desktop\App_XML\yExportaRequirements.bat para o Google Drive: ['ALENCAR CONTABILIDADE LTDA', 'ARQUIVOS', 'bat', '2025', '08']
2025-08-22 15:22:33,388 [ERROR] Erro ao enviar/mover arquivo: 'str' object has no attribute 'get'
2025-08-22 15:23:03,391 [INFO] [MONITOR] Arquivos encontrados: ['.gitattributes', '.gitignore', 'app.py', 'atualiza_admin_permissoes.py', 'atualiza_datas_xml.py', 'atualiza_documentos_sql.py', 'atualiza_usuario_documentos.py', 'config.toml', 'config_auth.yaml', 'Contabilina.py', 'Contabilina.spec', 'Contabilina_arquivos.spec', 'credenciais.json', 'cria_tabela_empresas.py', 'docker-compose.yml', 'empresas.db', 'index_embutido_streamlit.html', 'logo.png', 'Papel Timbrado A4 Médica Receituário Elegante Dourado (1).pdf', 'README.md', 'registrar_usuario_eliane.py', 'requirements.txt', 'rodar_app.bat', 'rodar_backup_automatico.bat', 'usuarios.db', 'usuarios_cadastrados.txt', 'yExportaRequirements.bat']
2025-08-22 15:23:03,392 [INFO] [MONITOR] Processando .gitattributes...
2025-08-22 15:23:03,392 [INFO] Enviando C:\Users\carlos.santos\Desktop\App_XML\.gitattributes para o Google Drive: ['ALENCAR CONTABILIDADE LTDA', 'ARQUIVOS', 'outros', '2025', '08']
2025-08-22 15:23:03,394 [ERROR] Erro ao enviar/mover arquivo: 'str' object has no attribute 'get'
2025-08-22 15:23:03,394 [INFO] [MONITOR] Processando .gitignore...
2025-08-22 15:23:03,394 [INFO] Enviando C:\Users\carlos.santos\Desktop\App_XML\.gitignore para o Google Drive: ['ALENCAR CONTABILIDADE LTDA', 'ARQUIVOS', 'outros', '2025', '08']
2025-08-22 15:23:03,395 [ERROR] Erro ao enviar/mover arquivo: 'str' object has no attribute 'get'
2025-08-22 15:23:03,396 [INFO] [MONITOR] Processando app.py...
2025-08-22 15:23:03,396 [INFO] Enviando C:\Users\carlos.santos\Desktop\App_XML\app.py para o Google Drive: ['ALENCAR CONTABILIDADE LTDA', 'ARQUIVOS', 'py', '2025', '08']
2025-08-22 15:23:03,397 [ERROR] Erro ao enviar/mover arquivo: 'str' object has no attribute 'get'
2025-08-22 15:23:03,397 [INFO] [MONITOR] Processando atualiza_admin_permissoes.py...
2025-08-22 15:23:03,398 [INFO] Enviando C:\Users\carlos.santos\Desktop\App_XML\atualiza_admin_permissoes.py para o Google Drive: ['ALENCAR CONTABILIDADE LTDA', 'ARQUIVOS', 'py', '2025', '08']
2025-08-22 15:23:03,399 [ERROR] Erro ao enviar/mover arquivo: 'str' object has no attribute 'get'
2025-08-22 15:23:03,400 [INFO] [MONITOR] Processando atualiza_datas_xml.py...
2025-08-22 15:23:03,400 [INFO] Enviando C:\Users\carlos.santos\Desktop\App_XML\atualiza_datas_xml.py para o Google Drive: ['ALENCAR CONTABILIDADE LTDA', 'ARQUIVOS', 'py', '2025', '08']
2025-08-22 15:23:03,402 [ERROR] Erro ao enviar/mover arquivo: 'str' object has no attribute 'get'
2025-08-22 15:23:03,402 [INFO] [MONITOR] Processando atualiza_documentos_sql.py...
2025-08-22 15:23:03,402 [INFO] Enviando C:\Users\carlos.santos\Desktop\App_XML\atualiza_documentos_sql.py para o Google Drive: ['ALENCAR CONTABILIDADE LTDA', 'ARQUIVOS', 'py', '2025', '08']
2025-08-22 15:23:03,404 [ERROR] Erro ao enviar/mover arquivo: 'str' object has no attribute 'get'
2025-08-22 15:23:03,404 [INFO] [MONITOR] Processando atualiza_usuario_documentos.py...
2025-08-22 15:23:03,404 [INFO] Enviando C:\Users\carlos.santos\Desktop\App_XML\atualiza_usuario_documentos.py para o Google Drive: ['ALENCAR CONTABILIDADE LTDA', 'ARQUIVOS', 'py', '2025', '08']
2025-08-22 15:23:03,405 [ERROR] Erro ao enviar/mover arquivo: 'str' object has no attribute 'get'
2025-08-22 15:23:03,406 [INFO] [MONITOR] Processando config.toml...
2025-08-22 15:23:03,406 [INFO] Enviando C:\Users\carlos.santos\Desktop\App_XML\config.toml para o Google Drive: ['ALENCAR CONTABILIDADE LTDA', 'ARQUIVOS', 'toml', '2025', '08']
2025-08-22 15:23:03,407 [ERROR] Erro ao enviar/mover arquivo: 'str' object has no attribute 'get'
2025-08-22 15:23:03,407 [INFO] [MONITOR] Processando config_auth.yaml...
2025-08-22 15:23:03,408 [INFO] Enviando C:\Users\carlos.santos\Desktop\App_XML\config_auth.yaml para o Google Drive: ['ALENCAR CONTABILIDADE LTDA', 'ARQUIVOS', 'yaml', '2025', '08']
2025-08-22 15:23:03,409 [ERROR] Erro ao enviar/mover arquivo: 'str' object has no attribute 'get'
2025-08-22 15:23:03,409 [INFO] [MONITOR] Processando Contabilina.py...
2025-08-22 15:23:03,410 [INFO] Enviando C:\Users\carlos.santos\Desktop\App_XML\Contabilina.py para o Google Drive: ['ALENCAR CONTABILIDADE LTDA', 'ARQUIVOS', 'py', '2025', '08']
2025-08-22 15:23:03,411 [ERROR] Erro ao enviar/mover arquivo: 'str' object has no attribute 'get'
2025-08-22 15:23:03,411 [INFO] [MONITOR] Processando Contabilina.spec...
2025-08-22 15:23:03,412 [INFO] Enviando C:\Users\carlos.santos\Desktop\App_XML\Contabilina.spec para o Google Drive: ['ALENCAR CONTABILIDADE LTDA', 'ARQUIVOS', 'spec', '2025', '08']
2025-08-22 15:23:03,413 [ERROR] Erro ao enviar/mover arquivo: 'str' object has no attribute 'get'
2025-08-22 15:23:03,413 [INFO] [MONITOR] Processando Contabilina_arquivos.spec...
2025-08-22 15:23:03,413 [INFO] Enviando C:\Users\carlos.santos\Desktop\App_XML\Contabilina_arquivos.spec para o Google Drive: ['ALENCAR CONTABILIDADE LTDA', 'ARQUIVOS', 'spec', '2025', '08']
2025-08-22 15:23:03,415 [ERROR] Erro ao enviar/mover arquivo: 'str' object has no attribute 'get'
2025-08-22 15:23:03,415 [INFO] [MONITOR] Processando credenciais.json...
2025-08-22 15:23:03,416 [INFO] Enviando C:\Users\carlos.santos\Desktop\App_XML\credenciais.json para o Google Drive: ['ALENCAR CONTABILIDADE LTDA', 'ARQUIVOS', 'json', '2025', '08']
2025-08-22 15:23:03,418 [ERROR] Erro ao enviar/mover arquivo: 'str' object has no attribute 'get'
2025-08-22 15:23:03,418 [INFO] [MONITOR] Processando cria_tabela_empresas.py...
2025-08-22 15:23:03,418 [INFO] Enviando C:\Users\carlos.santos\Desktop\App_XML\cria_tabela_empresas.py para o Google Drive: ['ALENCAR CONTABILIDADE LTDA', 'ARQUIVOS', 'py', '2025', '08']
2025-08-22 15:23:03,420 [ERROR] Erro ao enviar/mover arquivo: 'str' object has no attribute 'get'
2025-08-22 15:23:03,420 [INFO] [MONITOR] Processando docker-compose.yml...
2025-08-22 15:23:03,421 [INFO] Enviando C:\Users\carlos.santos\Desktop\App_XML\docker-compose.yml para o Google Drive: ['ALENCAR CONTABILIDADE LTDA', 'ARQUIVOS', 'yml', '2025', '08']
2025-08-22 15:23:03,423 [ERROR] Erro ao enviar/mover arquivo: 'str' object has no attribute 'get'
2025-08-22 15:23:03,423 [INFO] [MONITOR] Processando empresas.db...
2025-08-22 15:23:03,423 [INFO] Enviando C:\Users\carlos.santos\Desktop\App_XML\empresas.db para o Google Drive: ['ALENCAR CONTABILIDADE LTDA', 'ARQUIVOS', 'db', '2025', '08']
2025-08-22 15:23:03,425 [ERROR] Erro ao enviar/mover arquivo: 'str' object has no attribute 'get'
2025-08-22 15:23:03,425 [INFO] [MONITOR] Processando index_embutido_streamlit.html...
2025-08-22 15:23:03,425 [INFO] Enviando C:\Users\carlos.santos\Desktop\App_XML\index_embutido_streamlit.html para o Google Drive: ['ALENCAR CONTABILIDADE LTDA', 'ARQUIVOS', 'html', '2025', '08']
2025-08-22 15:23:03,426 [ERROR] Erro ao enviar/mover arquivo: 'str' object has no attribute 'get'
2025-08-22 15:23:03,427 [INFO] [MONITOR] Processando logo.png...
2025-08-22 15:23:03,427 [INFO] Enviando C:\Users\carlos.santos\Desktop\App_XML\logo.png para o Google Drive: ['ALENCAR CONTABILIDADE LTDA', 'ARQUIVOS', 'png', '2025', '08']
2025-08-22 15:23:03,428 [ERROR] Erro ao enviar/mover arquivo: 'str' object has no attribute 'get'
2025-08-22 15:23:03,428 [INFO] [MONITOR] Processando Papel Timbrado A4 Médica Receituário Elegante Dourado (1).pdf...
2025-08-22 15:23:03,429 [INFO] Enviando C:\Users\carlos.santos\Desktop\App_XML\Papel Timbrado A4 Médica Receituário Elegante Dourado (1).pdf para o Google Drive: ['ALENCAR CONTABILIDADE LTDA', 'ARQUIVOS', 'pdf', '2025', '08']
2025-08-22 15:23:03,430 [ERROR] Erro ao enviar/mover arquivo: 'str' object has no attribute 'get'
2025-08-22 15:23:03,430 [INFO] [MONITOR] Processando README.md...
2025-08-22 15:23:03,431 [INFO] Enviando C:\Users\carlos.santos\Desktop\App_XML\README.md para o Google Drive: ['ALENCAR CONTABILIDADE LTDA', 'ARQUIVOS', 'md', '2025', '08']
2025-08-22 15:23:03,432 [ERROR] Erro ao enviar/mover arquivo: 'str' object has no attribute 'get'
2025-08-22 15:23:03,433 [INFO] [MONITOR] Processando registrar_usuario_eliane.py...
2025-08-22 15:23:03,433 [INFO] Enviando C:\Users\carlos.santos\Desktop\App_XML\registrar_usuario_eliane.py para o Google Drive: ['ALENCAR CONTABILIDADE LTDA', 'ARQUIVOS', 'py', '2025', '08']
2025-08-22 15:23:03,435 [ERROR] Erro ao enviar/mover arquivo: 'str' object has no attribute 'get'
2025-08-22 15:23:03,435 [INFO] [MONITOR] Processando requirements.txt...
2025-08-22 15:23:03,435 [INFO] Enviando C:\Users\carlos.santos\Desktop\App_XML\requirements.txt para o Google Drive: ['ALENCAR CONTABILIDADE LTDA', 'ARQUIVOS', 'txt', '2025', '08']
2025-08-22 15:23:03,437 [ERROR] Erro ao enviar/mover arquivo: 'str' object has no attribute 'get'
2025-08-22 15:23:03,437 [INFO] [MONITOR] Processando rodar_app.bat...
2025-08-22 15:23:03,437 [INFO] Enviando C:\Users\carlos.santos\Desktop\App_XML\rodar_app.bat para o Google Drive: ['ALENCAR CONTABILIDADE LTDA', 'ARQUIVOS', 'bat', '2025', '08']
2025-08-22 15:23:03,439 [ERROR] Erro ao enviar/mover arquivo: 'str' object has no attribute 'get'
2025-08-22 15:23:03,439 [INFO] [MONITOR] Processando rodar_backup_automatico.bat...
2025-08-22 15:23:03,439 [INFO] Enviando C:\Users\carlos.santos\Desktop\App_XML\rodar_backup_automatico.bat para o Google Drive: ['ALENCAR CONTABILIDADE LTDA', 'ARQUIVOS', 'bat', '2025', '08']
2025-08-22 15:23:03,440 [ERROR] Erro ao enviar/mover arquivo: 'str' object has no attribute 'get'
2025-08-22 15:23:03,441 [INFO] [MONITOR] Processando usuarios.db...
2025-08-22 15:23:03,441 [INFO] Enviando C:\Users\carlos.santos\Desktop\App_XML\usuarios.db para o Google Drive: ['ALENCAR CONTABILIDADE LTDA', 'ARQUIVOS', 'db', '2025', '08']
2025-08-22 15:23:03,442 [ERROR] Erro ao enviar/mover arquivo: 'str' object has no attribute 'get'
2025-08-22 15:23:03,442 [INFO] [MONITOR] Processando usuarios_cadastrados.txt...
2025-08-22 15:23:03,443 [INFO] Enviando C:\Users\carlos.santos\Desktop\App_XML\usuarios_cadastrados.txt para o Google Drive: ['ALENCAR CONTABILIDADE LTDA', 'ARQUIVOS', 'txt', '2025', '08']
2025-08-22 15:23:03,444 [ERROR] Erro ao enviar/mover arquivo: 'str' object has no attribute 'get'
2025-08-22 15:23:03,444 [INFO] [MONITOR] Processando yExportaRequirements.bat...
2025-08-22 15:23:03,444 [INFO] Enviando C:\Users\carlos.santos\Desktop\App_XML\yExportaRequirements.bat para o Google Drive: ['ALENCAR CONTABILIDADE LTDA', 'ARQUIVOS', 'bat', '2025', '08']
2025-08-22 15:23:03,446 [ERROR] Erro ao enviar/mover arquivo: 'str' object has no attribute 'get'
2025-08-22 15:23:33,447 [INFO] [MONITOR] Arquivos encontrados: ['.gitattributes', '.gitignore', 'app.py', 'atualiza_admin_permissoes.py', 'atualiza_datas_xml.py', 'atualiza_documentos_sql.py', 'atualiza_usuario_documentos.py', 'config.toml', 'config_auth.yaml', 'Contabilina.py', 'Contabilina.spec', 'Contabilina_arquivos.spec', 'credenciais.json', 'cria_tabela_empresas.py', 'docker-compose.yml', 'empresas.db', 'index_embutido_streamlit.html', 'logo.png', 'Papel Timbrado A4 Médica Receituário Elegante Dourado (1).pdf', 'README.md', 'registrar_usuario_eliane.py', 'requirements.txt', 'rodar_app.bat', 'rodar_backup_automatico.bat', 'usuarios.db', 'usuarios_cadastrados.txt', 'yExportaRequirements.bat']
2025-08-22 15:23:33,447 [INFO] [MONITOR] Processando .gitattributes...
2025-08-22 15:23:33,448 [INFO] Enviando C:\Users\carlos.santos\Desktop\App_XML\.gitattributes para o Google Drive: ['ALENCAR CONTABILIDADE LTDA', 'ARQUIVOS', 'outros', '2025', '08']
2025-08-22 15:23:33,448 [ERROR] Erro ao enviar/mover arquivo: 'str' object has no attribute 'get'
2025-08-22 15:23:33,449 [INFO] [MONITOR] Processando .gitignore...
2025-08-22 15:23:33,449 [INFO] Enviando C:\Users\carlos.santos\Desktop\App_XML\.gitignore para o Google Drive: ['ALENCAR CONTABILIDADE LTDA', 'ARQUIVOS', 'outros', '2025', '08']
2025-08-22 15:23:33,449 [ERROR] Erro ao enviar/mover arquivo: 'str' object has no attribute 'get'
2025-08-22 15:23:33,450 [INFO] [MONITOR] Processando app.py...
2025-08-22 15:23:33,450 [INFO] Enviando C:\Users\carlos.santos\Desktop\App_XML\app.py para o Google Drive: ['ALENCAR CONTABILIDADE LTDA', 'ARQUIVOS', 'py', '2025', '08']
2025-08-22 15:23:33,451 [ERROR] Erro ao enviar/mover arquivo: 'str' object has no attribute 'get'
2025-08-22 15:23:33,451 [INFO] [MONITOR] Processando atualiza_admin_permissoes.py...
2025-08-22 15:23:33,451 [INFO] Enviando C:\Users\carlos.santos\Desktop\App_XML\atualiza_admin_permissoes.py para o Google Drive: ['ALENCAR CONTABILIDADE LTDA', 'ARQUIVOS', 'py', '2025', '08']
2025-08-22 15:23:33,452 [ERROR] Erro ao enviar/mover arquivo: 'str' object has no attribute 'get'
2025-08-22 15:23:33,452 [INFO] [MONITOR] Processando atualiza_datas_xml.py...
2025-08-22 15:23:33,452 [INFO] Enviando C:\Users\carlos.santos\Desktop\App_XML\atualiza_datas_xml.py para o Google Drive: ['ALENCAR CONTABILIDADE LTDA', 'ARQUIVOS', 'py', '2025', '08']
2025-08-22 15:23:33,453 [ERROR] Erro ao enviar/mover arquivo: 'str' object has no attribute 'get'
2025-08-22 15:23:33,453 [INFO] [MONITOR] Processando atualiza_documentos_sql.py...
2025-08-22 15:23:33,453 [INFO] Enviando C:\Users\carlos.santos\Desktop\App_XML\atualiza_documentos_sql.py para o Google Drive: ['ALENCAR CONTABILIDADE LTDA', 'ARQUIVOS', 'py', '2025', '08']
2025-08-22 15:23:33,454 [ERROR] Erro ao enviar/mover arquivo: 'str' object has no attribute 'get'
2025-08-22 15:23:33,454 [INFO] [MONITOR] Processando atualiza_usuario_documentos.py...
2025-08-22 15:23:33,454 [INFO] Enviando C:\Users\carlos.santos\Desktop\App_XML\atualiza_usuario_documentos.py para o Google Drive: ['ALENCAR CONTABILIDADE LTDA', 'ARQUIVOS', 'py', '2025', '08']
2025-08-22 15:23:33,455 [ERROR] Erro ao enviar/mover arquivo: 'str' object has no attribute 'get'
2025-08-22 15:23:33,455 [INFO] [MONITOR] Processando config.toml...
2025-08-22 15:23:33,456 [INFO] Enviando C:\Users\carlos.santos\Desktop\App_XML\config.toml para o Google Drive: ['ALENCAR CONTABILIDADE LTDA', 'ARQUIVOS', 'toml', '2025', '08']
2025-08-22 15:23:33,457 [ERROR] Erro ao enviar/mover arquivo: 'str' object has no attribute 'get'
2025-08-22 15:23:33,457 [INFO] [MONITOR] Processando config_auth.yaml...
2025-08-22 15:23:33,457 [INFO] Enviando C:\Users\carlos.santos\Desktop\App_XML\config_auth.yaml para o Google Drive: ['ALENCAR CONTABILIDADE LTDA', 'ARQUIVOS', 'yaml', '2025', '08']
2025-08-22 15:23:33,458 [ERROR] Erro ao enviar/mover arquivo: 'str' object has no attribute 'get'
2025-08-22 15:23:33,458 [INFO] [MONITOR] Processando Contabilina.py...
2025-08-22 15:23:33,458 [INFO] Enviando C:\Users\carlos.santos\Desktop\App_XML\Contabilina.py para o Google Drive: ['ALENCAR CONTABILIDADE LTDA', 'ARQUIVOS', 'py', '2025', '08']
2025-08-22 15:23:33,459 [ERROR] Erro ao enviar/mover arquivo: 'str' object has no attribute 'get'
2025-08-22 15:23:33,459 [INFO] [MONITOR] Processando Contabilina.spec...
2025-08-22 15:23:33,459 [INFO] Enviando C:\Users\carlos.santos\Desktop\App_XML\Contabilina.spec para o Google Drive: ['ALENCAR CONTABILIDADE LTDA', 'ARQUIVOS', 'spec', '2025', '08']
2025-08-22 15:23:33,460 [ERROR] Erro ao enviar/mover arquivo: 'str' object has no attribute 'get'
2025-08-22 15:23:33,460 [INFO] [MONITOR] Processando Contabilina_arquivos.spec...
2025-08-22 15:23:33,460 [INFO] Enviando C:\Users\carlos.santos\Desktop\App_XML\Contabilina_arquivos.spec para o Google Drive: ['ALENCAR CONTABILIDADE LTDA', 'ARQUIVOS', 'spec', '2025', '08']
2025-08-22 15:23:33,461 [ERROR] Erro ao enviar/mover arquivo: 'str' object has no attribute 'get'
2025-08-22 15:23:33,461 [INFO] [MONITOR] Processando credenciais.json...
2025-08-22 15:23:33,461 [INFO] Enviando C:\Users\carlos.santos\Desktop\App_XML\credenciais.json para o Google Drive: ['ALENCAR CONTABILIDADE LTDA', 'ARQUIVOS', 'json', '2025', '08']
2025-08-22 15:23:33,462 [ERROR] Erro ao enviar/mover arquivo: 'str' object has no attribute 'get'
2025-08-22 15:23:33,462 [INFO] [MONITOR] Processando cria_tabela_empresas.py...
2025-08-22 15:23:33,462 [INFO] Enviando C:\Users\carlos.santos\Desktop\App_XML\cria_tabela_empresas.py para o Google Drive: ['ALENCAR CONTABILIDADE LTDA', 'ARQUIVOS', 'py', '2025', '08']
2025-08-22 15:23:33,463 [ERROR] Erro ao enviar/mover arquivo: 'str' object has no attribute 'get'
2025-08-22 15:23:33,463 [INFO] [MONITOR] Processando docker-compose.yml...
2025-08-22 15:23:33,463 [INFO] Enviando C:\Users\carlos.santos\Desktop\App_XML\docker-compose.yml para o Google Drive: ['ALENCAR CONTABILIDADE LTDA', 'ARQUIVOS', 'yml', '2025', '08']
2025-08-22 15:23:33,464 [ERROR] Erro ao enviar/mover arquivo: 'str' object has no attribute 'get'
2025-08-22 15:23:33,464 [INFO] [MONITOR] Processando empresas.db...
2025-08-22 15:23:33,464 [INFO] Enviando C:\Users\carlos.santos\Desktop\App_XML\empresas.db para o Google Drive: ['ALENCAR CONTABILIDADE LTDA', 'ARQUIVOS', 'db', '2025', '08']
2025-08-22 15:23:33,465 [ERROR] Erro ao enviar/mover arquivo: 'str' object has no attribute 'get'
2025-08-22 15:23:33,465 [INFO] [MONITOR] Processando index_embutido_streamlit.html...
2025-08-22 15:23:33,465 [INFO] Enviando C:\Users\carlos.santos\Desktop\App_XML\index_embutido_streamlit.html para o Google Drive: ['ALENCAR CONTABILIDADE LTDA', 'ARQUIVOS', 'html', '2025', '08']
2025-08-22 15:23:33,466 [ERROR] Erro ao enviar/mover arquivo: 'str' object has no attribute 'get'
2025-08-22 15:23:33,466 [INFO] [MONITOR] Processando logo.png...
2025-08-22 15:23:33,466 [INFO] Enviando C:\Users\carlos.santos\Desktop\App_XML\logo.png para o Google Drive: ['ALENCAR CONTABILIDADE LTDA', 'ARQUIVOS', 'png', '2025', '08']
2025-08-22 15:23:33,467 [ERROR] Erro ao enviar/mover arquivo: 'str' object has no attribute 'get'
2025-08-22 15:23:33,467 [INFO] [MONITOR] Processando Papel Timbrado A4 Médica Receituário Elegante Dourado (1).pdf...
2025-08-22 15:23:33,467 [INFO] Enviando C:\Users\carlos.santos\Desktop\App_XML\Papel Timbrado A4 Médica Receituário Elegante Dourado (1).pdf para o Google Drive: ['ALENCAR CONTABILIDADE LTDA', 'ARQUIVOS', 'pdf', '2025', '08']
2025-08-22 15:23:33,468 [ERROR] Erro ao enviar/mover arquivo: 'str' object has no attribute 'get'
2025-08-22 15:23:33,468 [INFO] [MONITOR] Processando README.md...
2025-08-22 15:23:33,468 [INFO] Enviando C:\Users\carlos.santos\Desktop\App_XML\README.md para o Google Drive: ['ALENCAR CONTABILIDADE LTDA', 'ARQUIVOS', 'md', '2025', '08']
2025-08-22 15:23:33,469 [ERROR] Erro ao enviar/mover arquivo: 'str' object has no attribute 'get'
2025-08-22 15:23:33,469 [INFO] [MONITOR] Processando registrar_usuario_eliane.py...
2025-08-22 15:23:33,469 [INFO] Enviando C:\Users\carlos.santos\Desktop\App_XML\registrar_usuario_eliane.py para o Google Drive: ['ALENCAR CONTABILIDADE LTDA', 'ARQUIVOS', 'py', '2025', '08']
2025-08-22 15:23:33,470 [ERROR] Erro ao enviar/mover arquivo: 'str' object has no attribute 'get'
2025-08-22 15:23:33,470 [INFO] [MONITOR] Processando requirements.txt...
2025-08-22 15:23:33,470 [INFO] Enviando C:\Users\carlos.santos\Desktop\App_XML\requirements.txt para o Google Drive: ['ALENCAR CONTABILIDADE LTDA', 'ARQUIVOS', 'txt', '2025', '08']
2025-08-22 15:23:33,472 [ERROR] Erro ao enviar/mover arquivo: 'str' object has no attribute 'get'
2025-08-22 15:23:33,472 [INFO] [MONITOR] Processando rodar_app.bat...
2025-08-22 15:23:33,472 [INFO] Enviando C:\Users\carlos.santos\Desktop\App_XML\rodar_app.bat para o Google Drive: ['ALENCAR CONTABILIDADE LTDA', 'ARQUIVOS', 'bat', '2025', '08']
2025-08-22 15:23:33,473 [ERROR] Erro ao enviar/mover arquivo: 'str' object has no attribute 'get'
2025-08-22 15:23:33,473 [INFO] [MONITOR] Processando rodar_backup_automatico.bat...
2025-08-22 15:23:33,473 [INFO] Enviando C:\Users\carlos.santos\Desktop\App_XML\rodar_backup_automatico.bat para o Google Drive: ['ALENCAR CONTABILIDADE LTDA', 'ARQUIVOS', 'bat', '2025', '08']
2025-08-22 15:23:33,474 [ERROR] Erro ao enviar/mover arquivo: 'str' object has no attribute 'get'
2025-08-22 15:23:33,474 [INFO] [MONITOR] Processando usuarios.db...
2025-08-22 15:23:33,474 [INFO] Enviando C:\Users\carlos.santos\Desktop\App_XML\usuarios.db para o Google Drive: ['ALENCAR CONTABILIDADE LTDA', 'ARQUIVOS', 'db', '2025', '08']
2025-08-22 15:23:33,475 [ERROR] Erro ao enviar/mover arquivo: 'str' object has no attribute 'get'
2025-08-22 15:23:33,475 [INFO] [MONITOR] Processando usuarios_cadastrados.txt...
2025-08-22 15:23:33,476 [INFO] Enviando C:\Users\carlos.santos\Desktop\App_XML\usuarios_cadastrados.txt para o Google Drive: ['ALENCAR CONTABILIDADE LTDA', 'ARQUIVOS', 'txt', '2025', '08']
2025-08-22 15:23:33,476 [ERROR] Erro ao enviar/mover arquivo: 'str' object has no attribute 'get'
2025-08-22 15:23:33,477 [INFO] [MONITOR] Processando yExportaRequirements.bat...
2025-08-22 15:23:33,477 [INFO] Enviando C:\Users\carlos.santos\Desktop\App_XML\yExportaRequirements.bat para o Google Drive: ['ALENCAR CONTABILIDADE LTDA', 'ARQUIVOS', 'bat', '2025', '08']
2025-08-22 15:23:33,477 [ERROR] Erro ao enviar/mover arquivo: 'str' object has no attribute 'get'
2025-08-22 15:24:03,479 [INFO] [MONITOR] Arquivos encontrados: ['.gitattributes', '.gitignore', 'app.py', 'atualiza_admin_permissoes.py', 'atualiza_datas_xml.py', 'atualiza_documentos_sql.py', 'atualiza_usuario_documentos.py', 'config.toml', 'config_auth.yaml', 'Contabilina.py', 'Contabilina.spec', 'Contabilina_arquivos.spec', 'credenciais.json', 'cria_tabela_empresas.py', 'docker-compose.yml', 'empresas.db', 'index_embutido_streamlit.html', 'logo.png', 'Papel Timbrado A4 Médica Receituário Elegante Dourado (1).pdf', 'README.md', 'registrar_usuario_eliane.py', 'requirements.txt', 'rodar_app.bat', 'rodar_backup_automatico.bat', 'usuarios.db', 'usuarios_cadastrados.txt', 'yExportaRequirements.bat']
2025-08-22 15:24:03,479 [INFO] [MONITOR] Processando .gitattributes...
2025-08-22 15:24:03,479 [INFO] Enviando C:\Users\carlos.santos\Desktop\App_XML\.gitattributes para o Google Drive: ['ALENCAR CONTABILIDADE LTDA', 'ARQUIVOS', 'outros', '2025', '08']
2025-08-22 15:24:03,480 [ERROR] Erro ao enviar/mover arquivo: 'str' object has no attribute 'get'
2025-08-22 15:24:03,480 [INFO] [MONITOR] Processando .gitignore...
2025-08-22 15:24:03,481 [INFO] Enviando C:\Users\carlos.santos\Desktop\App_XML\.gitignore para o Google Drive: ['ALENCAR CONTABILIDADE LTDA', 'ARQUIVOS', 'outros', '2025', '08']
2025-08-22 15:24:03,481 [ERROR] Erro ao enviar/mover arquivo: 'str' object has no attribute 'get'
2025-08-22 15:24:03,481 [INFO] [MONITOR] Processando app.py...
2025-08-22 15:24:03,482 [INFO] Enviando C:\Users\carlos.santos\Desktop\App_XML\app.py para o Google Drive: ['ALENCAR CONTABILIDADE LTDA', 'ARQUIVOS', 'py', '2025', '08']
2025-08-22 15:24:03,482 [ERROR] Erro ao enviar/mover arquivo: 'str' object has no attribute 'get'
2025-08-22 15:24:03,482 [INFO] [MONITOR] Processando atualiza_admin_permissoes.py...
2025-08-22 15:24:03,483 [INFO] Enviando C:\Users\carlos.santos\Desktop\App_XML\atualiza_admin_permissoes.py para o Google Drive: ['ALENCAR CONTABILIDADE LTDA', 'ARQUIVOS', 'py', '2025', '08']
2025-08-22 15:24:03,483 [ERROR] Erro ao enviar/mover arquivo: 'str' object has no attribute 'get'
2025-08-22 15:24:03,484 [INFO] [MONITOR] Processando atualiza_datas_xml.py...
2025-08-22 15:24:03,484 [INFO] Enviando C:\Users\carlos.santos\Desktop\App_XML\atualiza_datas_xml.py para o Google Drive: ['ALENCAR CONTABILIDADE LTDA', 'ARQUIVOS', 'py', '2025', '08']
2025-08-22 15:24:03,484 [ERROR] Erro ao enviar/mover arquivo: 'str' object has no attribute 'get'
2025-08-22 15:24:03,485 [INFO] [MONITOR] Processando atualiza_documentos_sql.py...
2025-08-22 15:24:03,485 [INFO] Enviando C:\Users\carlos.santos\Desktop\App_XML\atualiza_documentos_sql.py para o Google Drive: ['ALENCAR CONTABILIDADE LTDA', 'ARQUIVOS', 'py', '2025', '08']
2025-08-22 15:24:03,486 [ERROR] Erro ao enviar/mover arquivo: 'str' object has no attribute 'get'
2025-08-22 15:24:03,486 [INFO] [MONITOR] Processando atualiza_usuario_documentos.py...
2025-08-22 15:24:03,486 [INFO] Enviando C:\Users\carlos.santos\Desktop\App_XML\atualiza_usuario_documentos.py para o Google Drive: ['ALENCAR CONTABILIDADE LTDA', 'ARQUIVOS', 'py', '2025', '08']
2025-08-22 15:24:03,487 [ERROR] Erro ao enviar/mover arquivo: 'str' object has no attribute 'get'
2025-08-22 15:24:03,487 [INFO] [MONITOR] Processando config.toml...
2025-08-22 15:24:03,487 [INFO] Enviando C:\Users\carlos.santos\Desktop\App_XML\config.toml para o Google Drive: ['ALENCAR CONTABILIDADE LTDA', 'ARQUIVOS', 'toml', '2025', '08']
2025-08-22 15:24:03,488 [ERROR] Erro ao enviar/mover arquivo: 'str' object has no attribute 'get'
2025-08-22 15:24:03,488 [INFO] [MONITOR] Processando config_auth.yaml...
2025-08-22 15:24:03,488 [INFO] Enviando C:\Users\carlos.santos\Desktop\App_XML\config_auth.yaml para o Google Drive: ['ALENCAR CONTABILIDADE LTDA', 'ARQUIVOS', 'yaml', '2025', '08']
2025-08-22 15:24:03,489 [ERROR] Erro ao enviar/mover arquivo: 'str' object has no attribute 'get'
2025-08-22 15:24:03,489 [INFO] [MONITOR] Processando Contabilina.py...
2025-08-22 15:24:03,489 [INFO] Enviando C:\Users\carlos.santos\Desktop\App_XML\Contabilina.py para o Google Drive: ['ALENCAR CONTABILIDADE LTDA', 'ARQUIVOS', 'py', '2025', '08']
2025-08-22 15:24:03,490 [ERROR] Erro ao enviar/mover arquivo: 'str' object has no attribute 'get'
2025-08-22 15:24:03,490 [INFO] [MONITOR] Processando Contabilina.spec...
2025-08-22 15:24:03,490 [INFO] Enviando C:\Users\carlos.santos\Desktop\App_XML\Contabilina.spec para o Google Drive: ['ALENCAR CONTABILIDADE LTDA', 'ARQUIVOS', 'spec', '2025', '08']
2025-08-22 15:24:03,491 [ERROR] Erro ao enviar/mover arquivo: 'str' object has no attribute 'get'
2025-08-22 15:24:03,491 [INFO] [MONITOR] Processando Contabilina_arquivos.spec...
2025-08-22 15:24:03,491 [INFO] Enviando C:\Users\carlos.santos\Desktop\App_XML\Contabilina_arquivos.spec para o Google Drive: ['ALENCAR CONTABILIDADE LTDA', 'ARQUIVOS', 'spec', '2025', '08']
2025-08-22 15:24:03,492 [ERROR] Erro ao enviar/mover arquivo: 'str' object has no attribute 'get'
2025-08-22 15:24:03,492 [INFO] [MONITOR] Processando credenciais.json...
2025-08-22 15:24:03,492 [INFO] Enviando C:\Users\carlos.santos\Desktop\App_XML\credenciais.json para o Google Drive: ['ALENCAR CONTABILIDADE LTDA', 'ARQUIVOS', 'json', '2025', '08']
2025-08-22 15:24:03,493 [ERROR] Erro ao enviar/mover arquivo: 'str' object has no attribute 'get'
2025-08-22 15:24:03,493 [INFO] [MONITOR] Processando cria_tabela_empresas.py...
2025-08-22 15:24:03,493 [INFO] Enviando C:\Users\carlos.santos\Desktop\App_XML\cria_tabela_empresas.py para o Google Drive: ['ALENCAR CONTABILIDADE LTDA', 'ARQUIVOS', 'py', '2025', '08']
2025-08-22 15:24:03,495 [ERROR] Erro ao enviar/mover arquivo: 'str' object has no attribute 'get'
2025-08-22 15:24:03,495 [INFO] [MONITOR] Processando docker-compose.yml...
2025-08-22 15:24:03,495 [INFO] Enviando C:\Users\carlos.santos\Desktop\App_XML\docker-compose.yml para o Google Drive: ['ALENCAR CONTABILIDADE LTDA', 'ARQUIVOS', 'yml', '2025', '08']
2025-08-22 15:24:03,496 [ERROR] Erro ao enviar/mover arquivo: 'str' object has no attribute 'get'
2025-08-22 15:24:03,496 [INFO] [MONITOR] Processando empresas.db...
2025-08-22 15:24:03,496 [INFO] Enviando C:\Users\carlos.santos\Desktop\App_XML\empresas.db para o Google Drive: ['ALENCAR CONTABILIDADE LTDA', 'ARQUIVOS', 'db', '2025', '08']
2025-08-22 15:24:03,497 [ERROR] Erro ao enviar/mover arquivo: 'str' object has no attribute 'get'
2025-08-22 15:24:03,497 [INFO] [MONITOR] Processando index_embutido_streamlit.html...
2025-08-22 15:24:03,497 [INFO] Enviando C:\Users\carlos.santos\Desktop\App_XML\index_embutido_streamlit.html para o Google Drive: ['ALENCAR CONTABILIDADE LTDA', 'ARQUIVOS', 'html', '2025', '08']
2025-08-22 15:24:03,498 [ERROR] Erro ao enviar/mover arquivo: 'str' object has no attribute 'get'
2025-08-22 15:24:03,498 [INFO] [MONITOR] Processando logo.png...
2025-08-22 15:24:03,498 [INFO] Enviando C:\Users\carlos.santos\Desktop\App_XML\logo.png para o Google Drive: ['ALENCAR CONTABILIDADE LTDA', 'ARQUIVOS', 'png', '2025', '08']
2025-08-22 15:24:03,499 [ERROR] Erro ao enviar/mover arquivo: 'str' object has no attribute 'get'
2025-08-22 15:24:03,499 [INFO] [MONITOR] Processando Papel Timbrado A4 Médica Receituário Elegante Dourado (1).pdf...
2025-08-22 15:24:03,499 [INFO] Enviando C:\Users\carlos.santos\Desktop\App_XML\Papel Timbrado A4 Médica Receituário Elegante Dourado (1).pdf para o Google Drive: ['ALENCAR CONTABILIDADE LTDA', 'ARQUIVOS', 'pdf', '2025', '08']
2025-08-22 15:24:03,500 [ERROR] Erro ao enviar/mover arquivo: 'str' object has no attribute 'get'
2025-08-22 15:24:03,500 [INFO] [MONITOR] Processando README.md...
2025-08-22 15:24:03,500 [INFO] Enviando C:\Users\carlos.santos\Desktop\App_XML\README.md para o Google Drive: ['ALENCAR CONTABILIDADE LTDA', 'ARQUIVOS', 'md', '2025', '08']
2025-08-22 15:24:03,501 [ERROR] Erro ao enviar/mover arquivo: 'str' object has no attribute 'get'
2025-08-22 15:24:03,501 [INFO] [MONITOR] Processando registrar_usuario_eliane.py...
2025-08-22 15:24:03,501 [INFO] Enviando C:\Users\carlos.santos\Desktop\App_XML\registrar_usuario_eliane.py para o Google Drive: ['ALENCAR CONTABILIDADE LTDA', 'ARQUIVOS', 'py', '2025', '08']
2025-08-22 15:24:03,502 [ERROR] Erro ao enviar/mover arquivo: 'str' object has no attribute 'get'
2025-08-22 15:24:03,502 [INFO] [MONITOR] Processando requirements.txt...
2025-08-22 15:24:03,502 [INFO] Enviando C:\Users\carlos.santos\Desktop\App_XML\requirements.txt para o Google Drive: ['ALENCAR CONTABILIDADE LTDA', 'ARQUIVOS', 'txt', '2025', '08']
2025-08-22 15:24:03,503 [ERROR] Erro ao enviar/mover arquivo: 'str' object has no attribute 'get'
2025-08-22 15:24:03,503 [INFO] [MONITOR] Processando rodar_app.bat...
2025-08-22 15:24:03,504 [INFO] Enviando C:\Users\carlos.santos\Desktop\App_XML\rodar_app.bat para o Google Drive: ['ALENCAR CONTABILIDADE LTDA', 'ARQUIVOS', 'bat', '2025', '08']
2025-08-22 15:24:03,504 [ERROR] Erro ao enviar/mover arquivo: 'str' object has no attribute 'get'
2025-08-22 15:24:03,504 [INFO] [MONITOR] Processando rodar_backup_automatico.bat...
2025-08-22 15:24:03,505 [INFO] Enviando C:\Users\carlos.santos\Desktop\App_XML\rodar_backup_automatico.bat para o Google Drive: ['ALENCAR CONTABILIDADE LTDA', 'ARQUIVOS', 'bat', '2025', '08']
2025-08-22 15:24:03,505 [ERROR] Erro ao enviar/mover arquivo: 'str' object has no attribute 'get'
2025-08-22 15:24:03,505 [INFO] [MONITOR] Processando usuarios.db...
2025-08-22 15:24:03,506 [INFO] Enviando C:\Users\carlos.santos\Desktop\App_XML\usuarios.db para o Google Drive: ['ALENCAR CONTABILIDADE LTDA', 'ARQUIVOS', 'db', '2025', '08']
2025-08-22 15:24:03,506 [ERROR] Erro ao enviar/mover arquivo: 'str' object has no attribute 'get'
2025-08-22 15:24:03,507 [INFO] [MONITOR] Processando usuarios_cadastrados.txt...
2025-08-22 15:24:03,507 [INFO] Enviando C:\Users\carlos.santos\Desktop\App_XML\usuarios_cadastrados.txt para o Google Drive: ['ALENCAR CONTABILIDADE LTDA', 'ARQUIVOS', 'txt', '2025', '08']
2025-08-22 15:24:03,507 [ERROR] Erro ao enviar/mover arquivo: 'str' object has no attribute 'get'
2025-08-22 15:24:03,508 [INFO] [MONITOR] Processando yExportaRequirements.bat...
2025-08-22 15:24:03,508 [INFO] Enviando C:\Users\carlos.santos\Desktop\App_XML\yExportaRequirements.bat para o Google Drive: ['ALENCAR CONTABILIDADE LTDA', 'ARQUIVOS', 'bat', '2025', '08']
2025-08-22 15:24:03,509 [ERROR] Erro ao enviar/mover arquivo: 'str' object has no attribute 'get'
2025-08-22 15:24:33,512 [INFO] [MONITOR] Arquivos encontrados: ['.gitattributes', '.gitignore', 'app.py', 'atualiza_admin_permissoes.py', 'atualiza_datas_xml.py', 'atualiza_documentos_sql.py', 'atualiza_usuario_documentos.py', 'config.toml', 'config_auth.yaml', 'Contabilina.py', 'Contabilina.spec', 'Contabilina_arquivos.spec', 'credenciais.json', 'cria_tabela_empresas.py', 'docker-compose.yml', 'empresas.db', 'index_embutido_streamlit.html', 'logo.png', 'Papel Timbrado A4 Médica Receituário Elegante Dourado (1).pdf', 'README.md', 'registrar_usuario_eliane.py', 'requirements.txt', 'rodar_app.bat', 'rodar_backup_automatico.bat', 'usuarios.db', 'usuarios_cadastrados.txt', 'yExportaRequirements.bat']
2025-08-22 15:24:33,512 [INFO] [MONITOR] Processando .gitattributes...
2025-08-22 15:24:33,512 [INFO] Enviando C:\Users\carlos.santos\Desktop\App_XML\.gitattributes para o Google Drive: ['ALENCAR CONTABILIDADE LTDA', 'ARQUIVOS', 'outros', '2025', '08']
2025-08-22 15:24:33,514 [ERROR] Erro ao enviar/mover arquivo: 'str' object has no attribute 'get'
2025-08-22 15:24:33,514 [INFO] [MONITOR] Processando .gitignore...
2025-08-22 15:24:33,514 [INFO] Enviando C:\Users\carlos.santos\Desktop\App_XML\.gitignore para o Google Drive: ['ALENCAR CONTABILIDADE LTDA', 'ARQUIVOS', 'outros', '2025', '08']
2025-08-22 15:24:33,516 [ERROR] Erro ao enviar/mover arquivo: 'str' object has no attribute 'get'
2025-08-22 15:24:33,516 [INFO] [MONITOR] Processando app.py...
2025-08-22 15:24:33,517 [INFO] Enviando C:\Users\carlos.santos\Desktop\App_XML\app.py para o Google Drive: ['ALENCAR CONTABILIDADE LTDA', 'ARQUIVOS', 'py', '2025', '08']
2025-08-22 15:24:33,518 [ERROR] Erro ao enviar/mover arquivo: 'str' object has no attribute 'get'
2025-08-22 15:24:33,519 [INFO] [MONITOR] Processando atualiza_admin_permissoes.py...
2025-08-22 15:24:33,519 [INFO] Enviando C:\Users\carlos.santos\Desktop\App_XML\atualiza_admin_permissoes.py para o Google Drive: ['ALENCAR CONTABILIDADE LTDA', 'ARQUIVOS', 'py', '2025', '08']
2025-08-22 15:24:33,520 [ERROR] Erro ao enviar/mover arquivo: 'str' object has no attribute 'get'
2025-08-22 15:24:33,521 [INFO] [MONITOR] Processando atualiza_datas_xml.py...
2025-08-22 15:24:33,521 [INFO] Enviando C:\Users\carlos.santos\Desktop\App_XML\atualiza_datas_xml.py para o Google Drive: ['ALENCAR CONTABILIDADE LTDA', 'ARQUIVOS', 'py', '2025', '08']
2025-08-22 15:24:33,522 [ERROR] Erro ao enviar/mover arquivo: 'str' object has no attribute 'get'
2025-08-22 15:24:33,523 [INFO] [MONITOR] Processando atualiza_documentos_sql.py...
2025-08-22 15:24:33,523 [INFO] Enviando C:\Users\carlos.santos\Desktop\App_XML\atualiza_documentos_sql.py para o Google Drive: ['ALENCAR CONTABILIDADE LTDA', 'ARQUIVOS', 'py', '2025', '08']
2025-08-22 15:24:33,524 [ERROR] Erro ao enviar/mover arquivo: 'str' object has no attribute 'get'
2025-08-22 15:24:33,524 [INFO] [MONITOR] Processando atualiza_usuario_documentos.py...
2025-08-22 15:24:33,525 [INFO] Enviando C:\Users\carlos.santos\Desktop\App_XML\atualiza_usuario_documentos.py para o Google Drive: ['ALENCAR CONTABILIDADE LTDA', 'ARQUIVOS', 'py', '2025', '08']
2025-08-22 15:24:33,527 [ERROR] Erro ao enviar/mover arquivo: 'str' object has no attribute 'get'
2025-08-22 15:24:33,527 [INFO] [MONITOR] Processando config.toml...
2025-08-22 15:24:33,527 [INFO] Enviando C:\Users\carlos.santos\Desktop\App_XML\config.toml para o Google Drive: ['ALENCAR CONTABILIDADE LTDA', 'ARQUIVOS', 'toml', '2025', '08']
2025-08-22 15:24:33,529 [ERROR] Erro ao enviar/mover arquivo: 'str' object has no attribute 'get'
2025-08-22 15:24:33,529 [INFO] [MONITOR] Processando config_auth.yaml...
2025-08-22 15:24:33,529 [INFO] Enviando C:\Users\carlos.santos\Desktop\App_XML\config_auth.yaml para o Google Drive: ['ALENCAR CONTABILIDADE LTDA', 'ARQUIVOS', 'yaml', '2025', '08']
2025-08-22 15:24:33,530 [ERROR] Erro ao enviar/mover arquivo: 'str' object has no attribute 'get'
2025-08-22 15:24:33,531 [INFO] [MONITOR] Processando Contabilina.py...
2025-08-22 15:24:33,531 [INFO] Enviando C:\Users\carlos.santos\Desktop\App_XML\Contabilina.py para o Google Drive: ['ALENCAR CONTABILIDADE LTDA', 'ARQUIVOS', 'py', '2025', '08']
2025-08-22 15:24:33,533 [ERROR] Erro ao enviar/mover arquivo: 'str' object has no attribute 'get'
2025-08-22 15:24:33,533 [INFO] [MONITOR] Processando Contabilina.spec...
2025-08-22 15:24:33,534 [INFO] Enviando C:\Users\carlos.santos\Desktop\App_XML\Contabilina.spec para o Google Drive: ['ALENCAR CONTABILIDADE LTDA', 'ARQUIVOS', 'spec', '2025', '08']
2025-08-22 15:24:33,536 [ERROR] Erro ao enviar/mover arquivo: 'str' object has no attribute 'get'
2025-08-22 15:24:33,536 [INFO] [MONITOR] Processando Contabilina_arquivos.spec...
2025-08-22 15:24:33,536 [INFO] Enviando C:\Users\carlos.santos\Desktop\App_XML\Contabilina_arquivos.spec para o Google Drive: ['ALENCAR CONTABILIDADE LTDA', 'ARQUIVOS', 'spec', '2025', '08']
2025-08-22 15:24:33,538 [ERROR] Erro ao enviar/mover arquivo: 'str' object has no attribute 'get'
2025-08-22 15:24:33,538 [INFO] [MONITOR] Processando credenciais.json...
2025-08-22 15:24:33,538 [INFO] Enviando C:\Users\carlos.santos\Desktop\App_XML\credenciais.json para o Google Drive: ['ALENCAR CONTABILIDADE LTDA', 'ARQUIVOS', 'json', '2025', '08']
2025-08-22 15:24:33,540 [ERROR] Erro ao enviar/mover arquivo: 'str' object has no attribute 'get'
2025-08-22 15:24:33,540 [INFO] [MONITOR] Processando cria_tabela_empresas.py...
2025-08-22 15:24:33,540 [INFO] Enviando C:\Users\carlos.santos\Desktop\App_XML\cria_tabela_empresas.py para o Google Drive: ['ALENCAR CONTABILIDADE LTDA', 'ARQUIVOS', 'py', '2025', '08']
2025-08-22 15:24:33,542 [ERROR] Erro ao enviar/mover arquivo: 'str' object has no attribute 'get'
2025-08-22 15:24:33,542 [INFO] [MONITOR] Processando docker-compose.yml...
2025-08-22 15:24:33,542 [INFO] Enviando C:\Users\carlos.santos\Desktop\App_XML\docker-compose.yml para o Google Drive: ['ALENCAR CONTABILIDADE LTDA', 'ARQUIVOS', 'yml', '2025', '08']
2025-08-22 15:24:33,544 [ERROR] Erro ao enviar/mover arquivo: 'str' object has no attribute 'get'
2025-08-22 15:24:33,544 [INFO] [MONITOR] Processando empresas.db...
2025-08-22 15:24:33,544 [INFO] Enviando C:\Users\carlos.santos\Desktop\App_XML\empresas.db para o Google Drive: ['ALENCAR CONTABILIDADE LTDA', 'ARQUIVOS', 'db', '2025', '08']
2025-08-22 15:24:33,546 [ERROR] Erro ao enviar/mover arquivo: 'str' object has no attribute 'get'
2025-08-22 15:24:33,546 [INFO] [MONITOR] Processando index_embutido_streamlit.html...
2025-08-22 15:24:33,546 [INFO] Enviando C:\Users\carlos.santos\Desktop\App_XML\index_embutido_streamlit.html para o Google Drive: ['ALENCAR CONTABILIDADE LTDA', 'ARQUIVOS', 'html', '2025', '08']
2025-08-22 15:24:33,548 [ERROR] Erro ao enviar/mover arquivo: 'str' object has no attribute 'get'
2025-08-22 15:24:33,548 [INFO] [MONITOR] Processando logo.png...
2025-08-22 15:24:33,548 [INFO] Enviando C:\Users\carlos.santos\Desktop\App_XML\logo.png para o Google Drive: ['ALENCAR CONTABILIDADE LTDA', 'ARQUIVOS', 'png', '2025', '08']
2025-08-22 15:24:33,551 [ERROR] Erro ao enviar/mover arquivo: 'str' object has no attribute 'get'
2025-08-22 15:24:33,551 [INFO] [MONITOR] Processando Papel Timbrado A4 Médica Receituário Elegante Dourado (1).pdf...
2025-08-22 15:24:33,551 [INFO] Enviando C:\Users\carlos.santos\Desktop\App_XML\Papel Timbrado A4 Médica Receituário Elegante Dourado (1).pdf para o Google Drive: ['ALENCAR CONTABILIDADE LTDA', 'ARQUIVOS', 'pdf', '2025', '08']
2025-08-22 15:24:33,553 [ERROR] Erro ao enviar/mover arquivo: 'str' object has no attribute 'get'
2025-08-22 15:24:33,553 [INFO] [MONITOR] Processando README.md...
2025-08-22 15:24:33,553 [INFO] Enviando C:\Users\carlos.santos\Desktop\App_XML\README.md para o Google Drive: ['ALENCAR CONTABILIDADE LTDA', 'ARQUIVOS', 'md', '2025', '08']
2025-08-22 15:24:33,555 [ERROR] Erro ao enviar/mover arquivo: 'str' object has no attribute 'get'
2025-08-22 15:24:33,555 [INFO] [MONITOR] Processando registrar_usuario_eliane.py...
2025-08-22 15:24:33,555 [INFO] Enviando C:\Users\carlos.santos\Desktop\App_XML\registrar_usuario_eliane.py para o Google Drive: ['ALENCAR CONTABILIDADE LTDA', 'ARQUIVOS', 'py', '2025', '08']
2025-08-22 15:24:33,557 [ERROR] Erro ao enviar/mover arquivo: 'str' object has no attribute 'get'
2025-08-22 15:24:33,557 [INFO] [MONITOR] Processando requirements.txt...
2025-08-22 15:24:33,557 [INFO] Enviando C:\Users\carlos.santos\Desktop\App_XML\requirements.txt para o Google Drive: ['ALENCAR CONTABILIDADE LTDA', 'ARQUIVOS', 'txt', '2025', '08']
2025-08-22 15:24:33,559 [ERROR] Erro ao enviar/mover arquivo: 'str' object has no attribute 'get'
2025-08-22 15:24:33,559 [INFO] [MONITOR] Processando rodar_app.bat...
2025-08-22 15:24:33,559 [INFO] Enviando C:\Users\carlos.santos\Desktop\App_XML\rodar_app.bat para o Google Drive: ['ALENCAR CONTABILIDADE LTDA', 'ARQUIVOS', 'bat', '2025', '08']
2025-08-22 15:24:33,561 [ERROR] Erro ao enviar/mover arquivo: 'str' object has no attribute 'get'
2025-08-22 15:24:33,561 [INFO] [MONITOR] Processando rodar_backup_automatico.bat...
2025-08-22 15:24:33,561 [INFO] Enviando C:\Users\carlos.santos\Desktop\App_XML\rodar_backup_automatico.bat para o Google Drive: ['ALENCAR CONTABILIDADE LTDA', 'ARQUIVOS', 'bat', '2025', '08']
2025-08-22 15:24:33,563 [ERROR] Erro ao enviar/mover arquivo: 'str' object has no attribute 'get'
2025-08-22 15:24:33,563 [INFO] [MONITOR] Processando usuarios.db...
2025-08-22 15:24:33,563 [INFO] Enviando C:\Users\carlos.santos\Desktop\App_XML\usuarios.db para o Google Drive: ['ALENCAR CONTABILIDADE LTDA', 'ARQUIVOS', 'db', '2025', '08']
2025-08-22 15:24:33,565 [ERROR] Erro ao enviar/mover arquivo: 'str' object has no attribute 'get'
2025-08-22 15:24:33,565 [INFO] [MONITOR] Processando usuarios_cadastrados.txt...
2025-08-22 15:24:33,565 [INFO] Enviando C:\Users\carlos.santos\Desktop\App_XML\usuarios_cadastrados.txt para o Google Drive: ['ALENCAR CONTABILIDADE LTDA', 'ARQUIVOS', 'txt', '2025', '08']
2025-08-22 15:24:33,568 [ERROR] Erro ao enviar/mover arquivo: 'str' object has no attribute 'get'
2025-08-22 15:24:33,568 [INFO] [MONITOR] Processando yExportaRequirements.bat...
2025-08-22 15:24:33,568 [INFO] Enviando C:\Users\carlos.santos\Desktop\App_XML\yExportaRequirements.bat para o Google Drive: ['ALENCAR CONTABILIDADE LTDA', 'ARQUIVOS', 'bat', '2025', '08']
2025-08-22 15:24:33,570 [ERROR] Erro ao enviar/mover arquivo: 'str' object has no attribute 'get'
2025-08-22 15:25:03,573 [INFO] [MONITOR] Arquivos encontrados: ['.gitattributes', '.gitignore', 'app.py', 'atualiza_admin_permissoes.py', 'atualiza_datas_xml.py', 'atualiza_documentos_sql.py', 'atualiza_usuario_documentos.py', 'config.toml', 'config_auth.yaml', 'Contabilina.py', 'Contabilina.spec', 'Contabilina_arquivos.spec', 'credenciais.json', 'cria_tabela_empresas.py', 'docker-compose.yml', 'empresas.db', 'index_embutido_streamlit.html', 'logo.png', 'Papel Timbrado A4 Médica Receituário Elegante Dourado (1).pdf', 'README.md', 'registrar_usuario_eliane.py', 'requirements.txt', 'rodar_app.bat', 'rodar_backup_automatico.bat', 'usuarios.db', 'usuarios_cadastrados.txt', 'yExportaRequirements.bat']
2025-08-22 15:25:03,573 [INFO] [MONITOR] Processando .gitattributes...
2025-08-22 15:25:03,573 [INFO] Enviando C:\Users\carlos.santos\Desktop\App_XML\.gitattributes para o Google Drive: ['ALENCAR CONTABILIDADE LTDA', 'ARQUIVOS', 'outros', '2025', '08']
2025-08-22 15:25:03,574 [ERROR] Erro ao enviar/mover arquivo: 'str' object has no attribute 'get'
2025-08-22 15:25:03,574 [INFO] [MONITOR] Processando .gitignore...
2025-08-22 15:25:03,574 [INFO] Enviando C:\Users\carlos.santos\Desktop\App_XML\.gitignore para o Google Drive: ['ALENCAR CONTABILIDADE LTDA', 'ARQUIVOS', 'outros', '2025', '08']
2025-08-22 15:25:03,575 [ERROR] Erro ao enviar/mover arquivo: 'str' object has no attribute 'get'
2025-08-22 15:25:03,575 [INFO] [MONITOR] Processando app.py...
2025-08-22 15:25:03,576 [INFO] Enviando C:\Users\carlos.santos\Desktop\App_XML\app.py para o Google Drive: ['ALENCAR CONTABILIDADE LTDA', 'ARQUIVOS', 'py', '2025', '08']
2025-08-22 15:25:03,576 [ERROR] Erro ao enviar/mover arquivo: 'str' object has no attribute 'get'
2025-08-22 15:25:03,577 [INFO] [MONITOR] Processando atualiza_admin_permissoes.py...
2025-08-22 15:25:03,577 [INFO] Enviando C:\Users\carlos.santos\Desktop\App_XML\atualiza_admin_permissoes.py para o Google Drive: ['ALENCAR CONTABILIDADE LTDA', 'ARQUIVOS', 'py', '2025', '08']
2025-08-22 15:25:03,577 [ERROR] Erro ao enviar/mover arquivo: 'str' object has no attribute 'get'
2025-08-22 15:25:03,578 [INFO] [MONITOR] Processando atualiza_datas_xml.py...
2025-08-22 15:25:03,578 [INFO] Enviando C:\Users\carlos.santos\Desktop\App_XML\atualiza_datas_xml.py para o Google Drive: ['ALENCAR CONTABILIDADE LTDA', 'ARQUIVOS', 'py', '2025', '08']
2025-08-22 15:25:03,578 [ERROR] Erro ao enviar/mover arquivo: 'str' object has no attribute 'get'
2025-08-22 15:25:03,579 [INFO] [MONITOR] Processando atualiza_documentos_sql.py...
2025-08-22 15:25:03,579 [INFO] Enviando C:\Users\carlos.santos\Desktop\App_XML\atualiza_documentos_sql.py para o Google Drive: ['ALENCAR CONTABILIDADE LTDA', 'ARQUIVOS', 'py', '2025', '08']
2025-08-22 15:25:03,579 [ERROR] Erro ao enviar/mover arquivo: 'str' object has no attribute 'get'
2025-08-22 15:25:03,580 [INFO] [MONITOR] Processando atualiza_usuario_documentos.py...
2025-08-22 15:25:03,580 [INFO] Enviando C:\Users\carlos.santos\Desktop\App_XML\atualiza_usuario_documentos.py para o Google Drive: ['ALENCAR CONTABILIDADE LTDA', 'ARQUIVOS', 'py', '2025', '08']
2025-08-22 15:25:03,581 [ERROR] Erro ao enviar/mover arquivo: 'str' object has no attribute 'get'
2025-08-22 15:25:03,581 [INFO] [MONITOR] Processando config.toml...
2025-08-22 15:25:03,581 [INFO] Enviando C:\Users\carlos.santos\Desktop\App_XML\config.toml para o Google Drive: ['ALENCAR CONTABILIDADE LTDA', 'ARQUIVOS', 'toml', '2025', '08']
2025-08-22 15:25:03,582 [ERROR] Erro ao enviar/mover arquivo: 'str' object has no attribute 'get'
2025-08-22 15:25:03,582 [INFO] [MONITOR] Processando config_auth.yaml...
2025-08-22 15:25:03,582 [INFO] Enviando C:\Users\carlos.santos\Desktop\App_XML\config_auth.yaml para o Google Drive: ['ALENCAR CONTABILIDADE LTDA', 'ARQUIVOS', 'yaml', '2025', '08']
2025-08-22 15:25:03,583 [ERROR] Erro ao enviar/mover arquivo: 'str' object has no attribute 'get'
2025-08-22 15:25:03,583 [INFO] [MONITOR] Processando Contabilina.py...
2025-08-22 15:25:03,583 [INFO] Enviando C:\Users\carlos.santos\Desktop\App_XML\Contabilina.py para o Google Drive: ['ALENCAR CONTABILIDADE LTDA', 'ARQUIVOS', 'py', '2025', '08']
2025-08-22 15:25:03,584 [ERROR] Erro ao enviar/mover arquivo: 'str' object has no attribute 'get'
2025-08-22 15:25:03,584 [INFO] [MONITOR] Processando Contabilina.spec...
2025-08-22 15:25:03,584 [INFO] Enviando C:\Users\carlos.santos\Desktop\App_XML\Contabilina.spec para o Google Drive: ['ALENCAR CONTABILIDADE LTDA', 'ARQUIVOS', 'spec', '2025', '08']
2025-08-22 15:25:03,585 [ERROR] Erro ao enviar/mover arquivo: 'str' object has no attribute 'get'
2025-08-22 15:25:03,585 [INFO] [MONITOR] Processando Contabilina_arquivos.spec...
2025-08-22 15:25:03,585 [INFO] Enviando C:\Users\carlos.santos\Desktop\App_XML\Contabilina_arquivos.spec para o Google Drive: ['ALENCAR CONTABILIDADE LTDA', 'ARQUIVOS', 'spec', '2025', '08']
2025-08-22 15:25:03,586 [ERROR] Erro ao enviar/mover arquivo: 'str' object has no attribute 'get'
2025-08-22 15:25:03,586 [INFO] [MONITOR] Processando credenciais.json...
2025-08-22 15:25:03,586 [INFO] Enviando C:\Users\carlos.santos\Desktop\App_XML\credenciais.json para o Google Drive: ['ALENCAR CONTABILIDADE LTDA', 'ARQUIVOS', 'json', '2025', '08']
2025-08-22 15:25:03,587 [ERROR] Erro ao enviar/mover arquivo: 'str' object has no attribute 'get'
2025-08-22 15:25:03,587 [INFO] [MONITOR] Processando cria_tabela_empresas.py...
2025-08-22 15:25:03,587 [INFO] Enviando C:\Users\carlos.santos\Desktop\App_XML\cria_tabela_empresas.py para o Google Drive: ['ALENCAR CONTABILIDADE LTDA', 'ARQUIVOS', 'py', '2025', '08']
2025-08-22 15:25:03,588 [ERROR] Erro ao enviar/mover arquivo: 'str' object has no attribute 'get'
2025-08-22 15:25:03,588 [INFO] [MONITOR] Processando docker-compose.yml...
2025-08-22 15:25:03,589 [INFO] Enviando C:\Users\carlos.santos\Desktop\App_XML\docker-compose.yml para o Google Drive: ['ALENCAR CONTABILIDADE LTDA', 'ARQUIVOS', 'yml', '2025', '08']
2025-08-22 15:25:03,590 [ERROR] Erro ao enviar/mover arquivo: 'str' object has no attribute 'get'
2025-08-22 15:25:03,590 [INFO] [MONITOR] Processando empresas.db...
2025-08-22 15:25:03,590 [INFO] Enviando C:\Users\carlos.santos\Desktop\App_XML\empresas.db para o Google Drive: ['ALENCAR CONTABILIDADE LTDA', 'ARQUIVOS', 'db', '2025', '08']
2025-08-22 15:25:03,591 [ERROR] Erro ao enviar/mover arquivo: 'str' object has no attribute 'get'
2025-08-22 15:25:03,591 [INFO] [MONITOR] Processando index_embutido_streamlit.html...
2025-08-22 15:25:03,591 [INFO] Enviando C:\Users\carlos.santos\Desktop\App_XML\index_embutido_streamlit.html para o Google Drive: ['ALENCAR CONTABILIDADE LTDA', 'ARQUIVOS', 'html', '2025', '08']
2025-08-22 15:25:03,592 [ERROR] Erro ao enviar/mover arquivo: 'str' object has no attribute 'get'
2025-08-22 15:25:03,592 [INFO] [MONITOR] Processando logo.png...
2025-08-22 15:25:03,592 [INFO] Enviando C:\Users\carlos.santos\Desktop\App_XML\logo.png para o Google Drive: ['ALENCAR CONTABILIDADE LTDA', 'ARQUIVOS', 'png', '2025', '08']
2025-08-22 15:25:03,593 [ERROR] Erro ao enviar/mover arquivo: 'str' object has no attribute 'get'
2025-08-22 15:25:03,593 [INFO] [MONITOR] Processando Papel Timbrado A4 Médica Receituário Elegante Dourado (1).pdf...
2025-08-22 15:25:03,593 [INFO] Enviando C:\Users\carlos.santos\Desktop\App_XML\Papel Timbrado A4 Médica Receituário Elegante Dourado (1).pdf para o Google Drive: ['ALENCAR CONTABILIDADE LTDA', 'ARQUIVOS', 'pdf', '2025', '08']
2025-08-22 15:25:03,594 [ERROR] Erro ao enviar/mover arquivo: 'str' object has no attribute 'get'
2025-08-22 15:25:03,594 [INFO] [MONITOR] Processando README.md...
2025-08-22 15:25:03,594 [INFO] Enviando C:\Users\carlos.santos\Desktop\App_XML\README.md para o Google Drive: ['ALENCAR CONTABILIDADE LTDA', 'ARQUIVOS', 'md', '2025', '08']
2025-08-22 15:25:03,595 [ERROR] Erro ao enviar/mover arquivo: 'str' object has no attribute 'get'
2025-08-22 15:25:03,595 [INFO] [MONITOR] Processando registrar_usuario_eliane.py...
2025-08-22 15:25:03,595 [INFO] Enviando C:\Users\carlos.santos\Desktop\App_XML\registrar_usuario_eliane.py para o Google Drive: ['ALENCAR CONTABILIDADE LTDA', 'ARQUIVOS', 'py', '2025', '08']
2025-08-22 15:25:03,596 [ERROR] Erro ao enviar/mover arquivo: 'str' object has no attribute 'get'
2025-08-22 15:25:03,596 [INFO] [MONITOR] Processando requirements.txt...
2025-08-22 15:25:03,596 [INFO] Enviando C:\Users\carlos.santos\Desktop\App_XML\requirements.txt para o Google Drive: ['ALENCAR CONTABILIDADE LTDA', 'ARQUIVOS', 'txt', '2025', '08']
2025-08-22 15:25:03,597 [ERROR] Erro ao enviar/mover arquivo: 'str' object has no attribute 'get'
2025-08-22 15:25:03,597 [INFO] [MONITOR] Processando rodar_app.bat...
2025-08-22 15:25:03,597 [INFO] Enviando C:\Users\carlos.santos\Desktop\App_XML\rodar_app.bat para o Google Drive: ['ALENCAR CONTABILIDADE LTDA', 'ARQUIVOS', 'bat', '2025', '08']
2025-08-22 15:25:03,598 [ERROR] Erro ao enviar/mover arquivo: 'str' object has no attribute 'get'
2025-08-22 15:25:03,598 [INFO] [MONITOR] Processando rodar_backup_automatico.bat...
2025-08-22 15:25:03,598 [INFO] Enviando C:\Users\carlos.santos\Desktop\App_XML\rodar_backup_automatico.bat para o Google Drive: ['ALENCAR CONTABILIDADE LTDA', 'ARQUIVOS', 'bat', '2025', '08']
2025-08-22 15:25:03,599 [ERROR] Erro ao enviar/mover arquivo: 'str' object has no attribute 'get'
2025-08-22 15:25:03,599 [INFO] [MONITOR] Processando usuarios.db...
2025-08-22 15:25:03,599 [INFO] Enviando C:\Users\carlos.santos\Desktop\App_XML\usuarios.db para o Google Drive: ['ALENCAR CONTABILIDADE LTDA', 'ARQUIVOS', 'db', '2025', '08']
2025-08-22 15:25:03,600 [ERROR] Erro ao enviar/mover arquivo: 'str' object has no attribute 'get'
2025-08-22 15:25:03,600 [INFO] [MONITOR] Processando usuarios_cadastrados.txt...
2025-08-22 15:25:03,600 [INFO] Enviando C:\Users\carlos.santos\Desktop\App_XML\usuarios_cadastrados.txt para o Google Drive: ['ALENCAR CONTABILIDADE LTDA', 'ARQUIVOS', 'txt', '2025', '08']
2025-08-22 15:25:03,601 [ERROR] Erro ao enviar/mover arquivo: 'str' object has no attribute 'get'
2025-08-22 15:25:03,601 [INFO] [MONITOR] Processando yExportaRequirements.bat...
2025-08-22 15:25:03,601 [INFO] Enviando C:\Users\carlos.santos\Desktop\App_XML\yExportaRequirements.bat para o Google Drive: ['ALENCAR CONTABILIDADE LTDA', 'ARQUIVOS', 'bat', '2025', '08']
2025-08-22 15:25:03,602 [ERROR] Erro ao enviar/mover arquivo: 'str' object has no attribute 'get'
2025-08-22 15:25:33,604 [INFO] [MONITOR] Arquivos encontrados: ['.gitattributes', '.gitignore', 'app.py', 'atualiza_admin_permissoes.py', 'atualiza_datas_xml.py', 'atualiza_documentos_sql.py', 'atualiza_usuario_documentos.py', 'config.toml', 'config_auth.yaml', 'Contabilina.py', 'Contabilina.spec', 'Contabilina_arquivos.spec', 'credenciais.json', 'cria_tabela_empresas.py', 'docker-compose.yml', 'empresas.db', 'index_embutido_streamlit.html', 'logo.png', 'Papel Timbrado A4 Médica Receituário Elegante Dourado (1).pdf', 'README.md', 'registrar_usuario_eliane.py', 'requirements.txt', 'rodar_app.bat', 'rodar_backup_automatico.bat', 'usuarios.db', 'usuarios_cadastrados.txt', 'yExportaRequirements.bat']
2025-08-22 15:25:33,604 [INFO] [MONITOR] Processando .gitattributes...
2025-08-22 15:25:33,604 [INFO] Enviando C:\Users\carlos.santos\Desktop\App_XML\.gitattributes para o Google Drive: ['ALENCAR CONTABILIDADE LTDA', 'ARQUIVOS', 'outros', '2025', '08']
2025-08-22 15:25:33,605 [ERROR] Erro ao enviar/mover arquivo: 'str' object has no attribute 'get'
2025-08-22 15:25:33,605 [INFO] [MONITOR] Processando .gitignore...
2025-08-22 15:25:33,605 [INFO] Enviando C:\Users\carlos.santos\Desktop\App_XML\.gitignore para o Google Drive: ['ALENCAR CONTABILIDADE LTDA', 'ARQUIVOS', 'outros', '2025', '08']
2025-08-22 15:25:33,606 [ERROR] Erro ao enviar/mover arquivo: 'str' object has no attribute 'get'
2025-08-22 15:25:33,606 [INFO] [MONITOR] Processando app.py...
2025-08-22 15:25:33,606 [INFO] Enviando C:\Users\carlos.santos\Desktop\App_XML\app.py para o Google Drive: ['ALENCAR CONTABILIDADE LTDA', 'ARQUIVOS', 'py', '2025', '08']
2025-08-22 15:25:33,607 [ERROR] Erro ao enviar/mover arquivo: 'str' object has no attribute 'get'
2025-08-22 15:25:33,607 [INFO] [MONITOR] Processando atualiza_admin_permissoes.py...
2025-08-22 15:25:33,607 [INFO] Enviando C:\Users\carlos.santos\Desktop\App_XML\atualiza_admin_permissoes.py para o Google Drive: ['ALENCAR CONTABILIDADE LTDA', 'ARQUIVOS', 'py', '2025', '08']
2025-08-22 15:25:33,608 [ERROR] Erro ao enviar/mover arquivo: 'str' object has no attribute 'get'
2025-08-22 15:25:33,608 [INFO] [MONITOR] Processando atualiza_datas_xml.py...
2025-08-22 15:25:33,608 [INFO] Enviando C:\Users\carlos.santos\Desktop\App_XML\atualiza_datas_xml.py para o Google Drive: ['ALENCAR CONTABILIDADE LTDA', 'ARQUIVOS', 'py', '2025', '08']
2025-08-22 15:25:33,609 [ERROR] Erro ao enviar/mover arquivo: 'str' object has no attribute 'get'
2025-08-22 15:25:33,609 [INFO] [MONITOR] Processando atualiza_documentos_sql.py...
2025-08-22 15:25:33,609 [INFO] Enviando C:\Users\carlos.santos\Desktop\App_XML\atualiza_documentos_sql.py para o Google Drive: ['ALENCAR CONTABILIDADE LTDA', 'ARQUIVOS', 'py', '2025', '08']
2025-08-22 15:25:33,610 [ERROR] Erro ao enviar/mover arquivo: 'str' object has no attribute 'get'
2025-08-22 15:25:33,610 [INFO] [MONITOR] Processando atualiza_usuario_documentos.py...
2025-08-22 15:25:33,611 [INFO] Enviando C:\Users\carlos.santos\Desktop\App_XML\atualiza_usuario_documentos.py para o Google Drive: ['ALENCAR CONTABILIDADE LTDA', 'ARQUIVOS', 'py', '2025', '08']
2025-08-22 15:25:33,612 [ERROR] Erro ao enviar/mover arquivo: 'str' object has no attribute 'get'
2025-08-22 15:25:33,612 [INFO] [MONITOR] Processando config.toml...
2025-08-22 15:25:33,612 [INFO] Enviando C:\Users\carlos.santos\Desktop\App_XML\config.toml para o Google Drive: ['ALENCAR CONTABILIDADE LTDA', 'ARQUIVOS', 'toml', '2025', '08']
2025-08-22 15:25:33,613 [ERROR] Erro ao enviar/mover arquivo: 'str' object has no attribute 'get'
2025-08-22 15:25:33,613 [INFO] [MONITOR] Processando config_auth.yaml...
2025-08-22 15:25:33,614 [INFO] Enviando C:\Users\carlos.santos\Desktop\App_XML\config_auth.yaml para o Google Drive: ['ALENCAR CONTABILIDADE LTDA', 'ARQUIVOS', 'yaml', '2025', '08']
2025-08-22 15:25:33,614 [ERROR] Erro ao enviar/mover arquivo: 'str' object has no attribute 'get'
2025-08-22 15:25:33,615 [INFO] [MONITOR] Processando Contabilina.py...
2025-08-22 15:25:33,615 [INFO] Enviando C:\Users\carlos.santos\Desktop\App_XML\Contabilina.py para o Google Drive: ['ALENCAR CONTABILIDADE LTDA', 'ARQUIVOS', 'py', '2025', '08']
2025-08-22 15:25:33,616 [ERROR] Erro ao enviar/mover arquivo: 'str' object has no attribute 'get'
2025-08-22 15:25:33,616 [INFO] [MONITOR] Processando Contabilina.spec...
2025-08-22 15:25:33,616 [INFO] Enviando C:\Users\carlos.santos\Desktop\App_XML\Contabilina.spec para o Google Drive: ['ALENCAR CONTABILIDADE LTDA', 'ARQUIVOS', 'spec', '2025', '08']
2025-08-22 15:25:33,617 [ERROR] Erro ao enviar/mover arquivo: 'str' object has no attribute 'get'
2025-08-22 15:25:33,617 [INFO] [MONITOR] Processando Contabilina_arquivos.spec...
2025-08-22 15:25:33,618 [INFO] Enviando C:\Users\carlos.santos\Desktop\App_XML\Contabilina_arquivos.spec para o Google Drive: ['ALENCAR CONTABILIDADE LTDA', 'ARQUIVOS', 'spec', '2025', '08']
2025-08-22 15:25:33,618 [ERROR] Erro ao enviar/mover arquivo: 'str' object has no attribute 'get'
2025-08-22 15:25:33,619 [INFO] [MONITOR] Processando credenciais.json...
2025-08-22 15:25:33,619 [INFO] Enviando C:\Users\carlos.santos\Desktop\App_XML\credenciais.json para o Google Drive: ['ALENCAR CONTABILIDADE LTDA', 'ARQUIVOS', 'json', '2025', '08']
2025-08-22 15:25:33,620 [ERROR] Erro ao enviar/mover arquivo: 'str' object has no attribute 'get'
2025-08-22 15:25:33,620 [INFO] [MONITOR] Processando cria_tabela_empresas.py...
2025-08-22 15:25:33,620 [INFO] Enviando C:\Users\carlos.santos\Desktop\App_XML\cria_tabela_empresas.py para o Google Drive: ['ALENCAR CONTABILIDADE LTDA', 'ARQUIVOS', 'py', '2025', '08']
2025-08-22 15:25:33,621 [ERROR] Erro ao enviar/mover arquivo: 'str' object has no attribute 'get'
2025-08-22 15:25:33,621 [INFO] [MONITOR] Processando docker-compose.yml...
2025-08-22 15:25:33,621 [INFO] Enviando C:\Users\carlos.santos\Desktop\App_XML\docker-compose.yml para o Google Drive: ['ALENCAR CONTABILIDADE LTDA', 'ARQUIVOS', 'yml', '2025', '08']
2025-08-22 15:25:33,622 [ERROR] Erro ao enviar/mover arquivo: 'str' object has no attribute 'get'
2025-08-22 15:25:33,622 [INFO] [MONITOR] Processando empresas.db...
2025-08-22 15:25:33,622 [INFO] Enviando C:\Users\carlos.santos\Desktop\App_XML\empresas.db para o Google Drive: ['ALENCAR CONTABILIDADE LTDA', 'ARQUIVOS', 'db', '2025', '08']
2025-08-22 15:25:33,623 [ERROR] Erro ao enviar/mover arquivo: 'str' object has no attribute 'get'
2025-08-22 15:25:33,623 [INFO] [MONITOR] Processando index_embutido_streamlit.html...
2025-08-22 15:25:33,623 [INFO] Enviando C:\Users\carlos.santos\Desktop\App_XML\index_embutido_streamlit.html para o Google Drive: ['ALENCAR CONTABILIDADE LTDA', 'ARQUIVOS', 'html', '2025', '08']
2025-08-22 15:25:33,624 [ERROR] Erro ao enviar/mover arquivo: 'str' object has no attribute 'get'
2025-08-22 15:25:33,624 [INFO] [MONITOR] Processando logo.png...
2025-08-22 15:25:33,624 [INFO] Enviando C:\Users\carlos.santos\Desktop\App_XML\logo.png para o Google Drive: ['ALENCAR CONTABILIDADE LTDA', 'ARQUIVOS', 'png', '2025', '08']
2025-08-22 15:25:33,625 [ERROR] Erro ao enviar/mover arquivo: 'str' object has no attribute 'get'
2025-08-22 15:25:33,625 [INFO] [MONITOR] Processando Papel Timbrado A4 Médica Receituário Elegante Dourado (1).pdf...
2025-08-22 15:25:33,625 [INFO] Enviando C:\Users\carlos.santos\Desktop\App_XML\Papel Timbrado A4 Médica Receituário Elegante Dourado (1).pdf para o Google Drive: ['ALENCAR CONTABILIDADE LTDA', 'ARQUIVOS', 'pdf', '2025', '08']
2025-08-22 15:25:33,626 [ERROR] Erro ao enviar/mover arquivo: 'str' object has no attribute 'get'
2025-08-22 15:25:33,626 [INFO] [MONITOR] Processando README.md...
2025-08-22 15:25:33,626 [INFO] Enviando C:\Users\carlos.santos\Desktop\App_XML\README.md para o Google Drive: ['ALENCAR CONTABILIDADE LTDA', 'ARQUIVOS', 'md', '2025', '08']
2025-08-22 15:25:33,628 [ERROR] Erro ao enviar/mover arquivo: 'str' object has no attribute 'get'
2025-08-22 15:25:33,628 [INFO] [MONITOR] Processando registrar_usuario_eliane.py...
2025-08-22 15:25:33,628 [INFO] Enviando C:\Users\carlos.santos\Desktop\App_XML\registrar_usuario_eliane.py para o Google Drive: ['ALENCAR CONTABILIDADE LTDA', 'ARQUIVOS', 'py', '2025', '08']
2025-08-22 15:25:33,629 [ERROR] Erro ao enviar/mover arquivo: 'str' object has no attribute 'get'
2025-08-22 15:25:33,629 [INFO] [MONITOR] Processando requirements.txt...
2025-08-22 15:25:33,629 [INFO] Enviando C:\Users\carlos.santos\Desktop\App_XML\requirements.txt para o Google Drive: ['ALENCAR CONTABILIDADE LTDA', 'ARQUIVOS', 'txt', '2025', '08']
2025-08-22 15:25:33,630 [ERROR] Erro ao enviar/mover arquivo: 'str' object has no attribute 'get'
2025-08-22 15:25:33,630 [INFO] [MONITOR] Processando rodar_app.bat...
2025-08-22 15:25:33,631 [INFO] Enviando C:\Users\carlos.santos\Desktop\App_XML\rodar_app.bat para o Google Drive: ['ALENCAR CONTABILIDADE LTDA', 'ARQUIVOS', 'bat', '2025', '08']
2025-08-22 15:25:33,631 [ERROR] Erro ao enviar/mover arquivo: 'str' object has no attribute 'get'
2025-08-22 15:25:33,632 [INFO] [MONITOR] Processando rodar_backup_automatico.bat...
2025-08-22 15:25:33,632 [INFO] Enviando C:\Users\carlos.santos\Desktop\App_XML\rodar_backup_automatico.bat para o Google Drive: ['ALENCAR CONTABILIDADE LTDA', 'ARQUIVOS', 'bat', '2025', '08']
2025-08-22 15:25:33,633 [ERROR] Erro ao enviar/mover arquivo: 'str' object has no attribute 'get'
2025-08-22 15:25:33,633 [INFO] [MONITOR] Processando usuarios.db...
2025-08-22 15:25:33,633 [INFO] Enviando C:\Users\carlos.santos\Desktop\App_XML\usuarios.db para o Google Drive: ['ALENCAR CONTABILIDADE LTDA', 'ARQUIVOS', 'db', '2025', '08']
2025-08-22 15:25:33,634 [ERROR] Erro ao enviar/mover arquivo: 'str' object has no attribute 'get'
2025-08-22 15:25:33,634 [INFO] [MONITOR] Processando usuarios_cadastrados.txt...
2025-08-22 15:25:33,634 [INFO] Enviando C:\Users\carlos.santos\Desktop\App_XML\usuarios_cadastrados.txt para o Google Drive: ['ALENCAR CONTABILIDADE LTDA', 'ARQUIVOS', 'txt', '2025', '08']
2025-08-22 15:25:33,635 [ERROR] Erro ao enviar/mover arquivo: 'str' object has no attribute 'get'
2025-08-22 15:25:33,635 [INFO] [MONITOR] Processando yExportaRequirements.bat...
2025-08-22 15:25:33,635 [INFO] Enviando C:\Users\carlos.santos\Desktop\App_XML\yExportaRequirements.bat para o Google Drive: ['ALENCAR CONTABILIDADE LTDA', 'ARQUIVOS', 'bat', '2025', '08']
2025-08-22 15:25:33,636 [ERROR] Erro ao enviar/mover arquivo: 'str' object has no attribute 'get'
2025-08-22 15:26:03,637 [INFO] [MONITOR] Arquivos encontrados: ['.gitattributes', '.gitignore', 'app.py', 'atualiza_admin_permissoes.py', 'atualiza_datas_xml.py', 'atualiza_documentos_sql.py', 'atualiza_usuario_documentos.py', 'config.toml', 'config_auth.yaml', 'Contabilina.py', 'Contabilina.spec', 'Contabilina_arquivos.spec', 'credenciais.json', 'cria_tabela_empresas.py', 'docker-compose.yml', 'empresas.db', 'index_embutido_streamlit.html', 'logo.png', 'Papel Timbrado A4 Médica Receituário Elegante Dourado (1).pdf', 'README.md', 'registrar_usuario_eliane.py', 'requirements.txt', 'rodar_app.bat', 'rodar_backup_automatico.bat', 'usuarios.db', 'usuarios_cadastrados.txt', 'yExportaRequirements.bat']
2025-08-22 15:26:03,638 [INFO] [MONITOR] Processando .gitattributes...
2025-08-22 15:26:03,638 [INFO] Enviando C:\Users\carlos.santos\Desktop\App_XML\.gitattributes para o Google Drive: ['ALENCAR CONTABILIDADE LTDA', 'ARQUIVOS', 'outros', '2025', '08']
2025-08-22 15:26:03,638 [ERROR] Erro ao enviar/mover arquivo: 'str' object has no attribute 'get'
2025-08-22 15:26:03,639 [INFO] [MONITOR] Processando .gitignore...
2025-08-22 15:26:03,639 [INFO] Enviando C:\Users\carlos.santos\Desktop\App_XML\.gitignore para o Google Drive: ['ALENCAR CONTABILIDADE LTDA', 'ARQUIVOS', 'outros', '2025', '08']
2025-08-22 15:26:03,639 [ERROR] Erro ao enviar/mover arquivo: 'str' object has no attribute 'get'
2025-08-22 15:26:03,640 [INFO] [MONITOR] Processando app.py...
2025-08-22 15:26:03,640 [INFO] Enviando C:\Users\carlos.santos\Desktop\App_XML\app.py para o Google Drive: ['ALENCAR CONTABILIDADE LTDA', 'ARQUIVOS', 'py', '2025', '08']
2025-08-22 15:26:03,641 [ERROR] Erro ao enviar/mover arquivo: 'str' object has no attribute 'get'
2025-08-22 15:26:03,641 [INFO] [MONITOR] Processando atualiza_admin_permissoes.py...
2025-08-22 15:26:03,641 [INFO] Enviando C:\Users\carlos.santos\Desktop\App_XML\atualiza_admin_permissoes.py para o Google Drive: ['ALENCAR CONTABILIDADE LTDA', 'ARQUIVOS', 'py', '2025', '08']
2025-08-22 15:26:03,642 [ERROR] Erro ao enviar/mover arquivo: 'str' object has no attribute 'get'
2025-08-22 15:26:03,642 [INFO] [MONITOR] Processando atualiza_datas_xml.py...
2025-08-22 15:26:03,642 [INFO] Enviando C:\Users\carlos.santos\Desktop\App_XML\atualiza_datas_xml.py para o Google Drive: ['ALENCAR CONTABILIDADE LTDA', 'ARQUIVOS', 'py', '2025', '08']
2025-08-22 15:26:03,643 [ERROR] Erro ao enviar/mover arquivo: 'str' object has no attribute 'get'
2025-08-22 15:26:03,643 [INFO] [MONITOR] Processando atualiza_documentos_sql.py...
2025-08-22 15:26:03,643 [INFO] Enviando C:\Users\carlos.santos\Desktop\App_XML\atualiza_documentos_sql.py para o Google Drive: ['ALENCAR CONTABILIDADE LTDA', 'ARQUIVOS', 'py', '2025', '08']
2025-08-22 15:26:03,644 [ERROR] Erro ao enviar/mover arquivo: 'str' object has no attribute 'get'
2025-08-22 15:26:03,644 [INFO] [MONITOR] Processando atualiza_usuario_documentos.py...
2025-08-22 15:26:03,644 [INFO] Enviando C:\Users\carlos.santos\Desktop\App_XML\atualiza_usuario_documentos.py para o Google Drive: ['ALENCAR CONTABILIDADE LTDA', 'ARQUIVOS', 'py', '2025', '08']
2025-08-22 15:26:03,645 [ERROR] Erro ao enviar/mover arquivo: 'str' object has no attribute 'get'
2025-08-22 15:26:03,645 [INFO] [MONITOR] Processando config.toml...
2025-08-22 15:26:03,645 [INFO] Enviando C:\Users\carlos.santos\Desktop\App_XML\config.toml para o Google Drive: ['ALENCAR CONTABILIDADE LTDA', 'ARQUIVOS', 'toml', '2025', '08']
2025-08-22 15:26:03,646 [ERROR] Erro ao enviar/mover arquivo: 'str' object has no attribute 'get'
2025-08-22 15:26:03,646 [INFO] [MONITOR] Processando config_auth.yaml...
2025-08-22 15:26:03,646 [INFO] Enviando C:\Users\carlos.santos\Desktop\App_XML\config_auth.yaml para o Google Drive: ['ALENCAR CONTABILIDADE LTDA', 'ARQUIVOS', 'yaml', '2025', '08']
2025-08-22 15:26:03,647 [ERROR] Erro ao enviar/mover arquivo: 'str' object has no attribute 'get'
2025-08-22 15:26:03,647 [INFO] [MONITOR] Processando Contabilina.py...
2025-08-22 15:26:03,647 [INFO] Enviando C:\Users\carlos.santos\Desktop\App_XML\Contabilina.py para o Google Drive: ['ALENCAR CONTABILIDADE LTDA', 'ARQUIVOS', 'py', '2025', '08']
2025-08-22 15:26:03,648 [ERROR] Erro ao enviar/mover arquivo: 'str' object has no attribute 'get'
2025-08-22 15:26:03,648 [INFO] [MONITOR] Processando Contabilina.spec...
2025-08-22 15:26:03,648 [INFO] Enviando C:\Users\carlos.santos\Desktop\App_XML\Contabilina.spec para o Google Drive: ['ALENCAR CONTABILIDADE LTDA', 'ARQUIVOS', 'spec', '2025', '08']
2025-08-22 15:26:03,649 [ERROR] Erro ao enviar/mover arquivo: 'str' object has no attribute 'get'
2025-08-22 15:26:03,649 [INFO] [MONITOR] Processando Contabilina_arquivos.spec...
2025-08-22 15:26:03,649 [INFO] Enviando C:\Users\carlos.santos\Desktop\App_XML\Contabilina_arquivos.spec para o Google Drive: ['ALENCAR CONTABILIDADE LTDA', 'ARQUIVOS', 'spec', '2025', '08']
2025-08-22 15:26:03,650 [ERROR] Erro ao enviar/mover arquivo: 'str' object has no attribute 'get'
2025-08-22 15:26:03,650 [INFO] [MONITOR] Processando credenciais.json...
2025-08-22 15:26:03,651 [INFO] Enviando C:\Users\carlos.santos\Desktop\App_XML\credenciais.json para o Google Drive: ['ALENCAR CONTABILIDADE LTDA', 'ARQUIVOS', 'json', '2025', '08']
2025-08-22 15:26:03,651 [ERROR] Erro ao enviar/mover arquivo: 'str' object has no attribute 'get'
2025-08-22 15:26:03,652 [INFO] [MONITOR] Processando cria_tabela_empresas.py...
2025-08-22 15:26:03,652 [INFO] Enviando C:\Users\carlos.santos\Desktop\App_XML\cria_tabela_empresas.py para o Google Drive: ['ALENCAR CONTABILIDADE LTDA', 'ARQUIVOS', 'py', '2025', '08']
2025-08-22 15:26:03,652 [ERROR] Erro ao enviar/mover arquivo: 'str' object has no attribute 'get'
2025-08-22 15:26:03,653 [INFO] [MONITOR] Processando docker-compose.yml...
2025-08-22 15:26:03,653 [INFO] Enviando C:\Users\carlos.santos\Desktop\App_XML\docker-compose.yml para o Google Drive: ['ALENCAR CONTABILIDADE LTDA', 'ARQUIVOS', 'yml', '2025', '08']
2025-08-22 15:26:03,654 [ERROR] Erro ao enviar/mover arquivo: 'str' object has no attribute 'get'
2025-08-22 15:26:03,654 [INFO] [MONITOR] Processando empresas.db...
2025-08-22 15:26:03,654 [INFO] Enviando C:\Users\carlos.santos\Desktop\App_XML\empresas.db para o Google Drive: ['ALENCAR CONTABILIDADE LTDA', 'ARQUIVOS', 'db', '2025', '08']
2025-08-22 15:26:03,655 [ERROR] Erro ao enviar/mover arquivo: 'str' object has no attribute 'get'
2025-08-22 15:26:03,655 [INFO] [MONITOR] Processando index_embutido_streamlit.html...
2025-08-22 15:26:03,655 [INFO] Enviando C:\Users\carlos.santos\Desktop\App_XML\index_embutido_streamlit.html para o Google Drive: ['ALENCAR CONTABILIDADE LTDA', 'ARQUIVOS', 'html', '2025', '08']
2025-08-22 15:26:03,656 [ERROR] Erro ao enviar/mover arquivo: 'str' object has no attribute 'get'
2025-08-22 15:26:03,656 [INFO] [MONITOR] Processando logo.png...
2025-08-22 15:26:03,656 [INFO] Enviando C:\Users\carlos.santos\Desktop\App_XML\logo.png para o Google Drive: ['ALENCAR CONTABILIDADE LTDA', 'ARQUIVOS', 'png', '2025', '08']
2025-08-22 15:26:03,657 [ERROR] Erro ao enviar/mover arquivo: 'str' object has no attribute 'get'
2025-08-22 15:26:03,657 [INFO] [MONITOR] Processando Papel Timbrado A4 Médica Receituário Elegante Dourado (1).pdf...
2025-08-22 15:26:03,657 [INFO] Enviando C:\Users\carlos.santos\Desktop\App_XML\Papel Timbrado A4 Médica Receituário Elegante Dourado (1).pdf para o Google Drive: ['ALENCAR CONTABILIDADE LTDA', 'ARQUIVOS', 'pdf', '2025', '08']
2025-08-22 15:26:03,658 [ERROR] Erro ao enviar/mover arquivo: 'str' object has no attribute 'get'
2025-08-22 15:26:03,658 [INFO] [MONITOR] Processando README.md...
2025-08-22 15:26:03,658 [INFO] Enviando C:\Users\carlos.santos\Desktop\App_XML\README.md para o Google Drive: ['ALENCAR CONTABILIDADE LTDA', 'ARQUIVOS', 'md', '2025', '08']
2025-08-22 15:26:03,659 [ERROR] Erro ao enviar/mover arquivo: 'str' object has no attribute 'get'
2025-08-22 15:26:03,659 [INFO] [MONITOR] Processando registrar_usuario_eliane.py...
2025-08-22 15:26:03,659 [INFO] Enviando C:\Users\carlos.santos\Desktop\App_XML\registrar_usuario_eliane.py para o Google Drive: ['ALENCAR CONTABILIDADE LTDA', 'ARQUIVOS', 'py', '2025', '08']
2025-08-22 15:26:03,660 [ERROR] Erro ao enviar/mover arquivo: 'str' object has no attribute 'get'
2025-08-22 15:26:03,660 [INFO] [MONITOR] Processando requirements.txt...
2025-08-22 15:26:03,660 [INFO] Enviando C:\Users\carlos.santos\Desktop\App_XML\requirements.txt para o Google Drive: ['ALENCAR CONTABILIDADE LTDA', 'ARQUIVOS', 'txt', '2025', '08']
2025-08-22 15:26:03,661 [ERROR] Erro ao enviar/mover arquivo: 'str' object has no attribute 'get'
2025-08-22 15:26:03,661 [INFO] [MONITOR] Processando rodar_app.bat...
2025-08-22 15:26:03,661 [INFO] Enviando C:\Users\carlos.santos\Desktop\App_XML\rodar_app.bat para o Google Drive: ['ALENCAR CONTABILIDADE LTDA', 'ARQUIVOS', 'bat', '2025', '08']
2025-08-22 15:26:03,662 [ERROR] Erro ao enviar/mover arquivo: 'str' object has no attribute 'get'
2025-08-22 15:26:03,662 [INFO] [MONITOR] Processando rodar_backup_automatico.bat...
2025-08-22 15:26:03,662 [INFO] Enviando C:\Users\carlos.santos\Desktop\App_XML\rodar_backup_automatico.bat para o Google Drive: ['ALENCAR CONTABILIDADE LTDA', 'ARQUIVOS', 'bat', '2025', '08']
2025-08-22 15:26:03,663 [ERROR] Erro ao enviar/mover arquivo: 'str' object has no attribute 'get'
2025-08-22 15:26:03,663 [INFO] [MONITOR] Processando usuarios.db...
2025-08-22 15:26:03,663 [INFO] Enviando C:\Users\carlos.santos\Desktop\App_XML\usuarios.db para o Google Drive: ['ALENCAR CONTABILIDADE LTDA', 'ARQUIVOS', 'db', '2025', '08']
2025-08-22 15:26:03,664 [ERROR] Erro ao enviar/mover arquivo: 'str' object has no attribute 'get'
2025-08-22 15:26:03,664 [INFO] [MONITOR] Processando usuarios_cadastrados.txt...
2025-08-22 15:26:03,664 [INFO] Enviando C:\Users\carlos.santos\Desktop\App_XML\usuarios_cadastrados.txt para o Google Drive: ['ALENCAR CONTABILIDADE LTDA', 'ARQUIVOS', 'txt', '2025', '08']
2025-08-22 15:26:03,665 [ERROR] Erro ao enviar/mover arquivo: 'str' object has no attribute 'get'
2025-08-22 15:26:03,666 [INFO] [MONITOR] Processando yExportaRequirements.bat...
2025-08-22 15:26:03,666 [INFO] Enviando C:\Users\carlos.santos\Desktop\App_XML\yExportaRequirements.bat para o Google Drive: ['ALENCAR CONTABILIDADE LTDA', 'ARQUIVOS', 'bat', '2025', '08']
2025-08-22 15:26:03,667 [ERROR] Erro ao enviar/mover arquivo: 'str' object has no attribute 'get'
2025-08-22 15:26:33,670 [INFO] [MONITOR] Arquivos encontrados: ['.gitattributes', '.gitignore', 'app.py', 'atualiza_admin_permissoes.py', 'atualiza_datas_xml.py', 'atualiza_documentos_sql.py', 'atualiza_usuario_documentos.py', 'config.toml', 'config_auth.yaml', 'Contabilina.py', 'Contabilina.spec', 'Contabilina_arquivos.spec', 'credenciais.json', 'cria_tabela_empresas.py', 'docker-compose.yml', 'empresas.db', 'index_embutido_streamlit.html', 'logo.png', 'Papel Timbrado A4 Médica Receituário Elegante Dourado (1).pdf', 'README.md', 'registrar_usuario_eliane.py', 'requirements.txt', 'rodar_app.bat', 'rodar_backup_automatico.bat', 'usuarios.db', 'usuarios_cadastrados.txt', 'yExportaRequirements.bat']
2025-08-22 15:26:33,670 [INFO] [MONITOR] Processando .gitattributes...
2025-08-22 15:26:33,670 [INFO] Enviando C:\Users\carlos.santos\Desktop\App_XML\.gitattributes para o Google Drive: ['ALENCAR CONTABILIDADE LTDA', 'ARQUIVOS', 'outros', '2025', '08']
2025-08-22 15:26:33,673 [ERROR] Erro ao enviar/mover arquivo: 'str' object has no attribute 'get'
2025-08-22 15:26:33,673 [INFO] [MONITOR] Processando .gitignore...
2025-08-22 15:26:33,673 [INFO] Enviando C:\Users\carlos.santos\Desktop\App_XML\.gitignore para o Google Drive: ['ALENCAR CONTABILIDADE LTDA', 'ARQUIVOS', 'outros', '2025', '08']
2025-08-22 15:26:33,675 [ERROR] Erro ao enviar/mover arquivo: 'str' object has no attribute 'get'
2025-08-22 15:26:33,675 [INFO] [MONITOR] Processando app.py...
2025-08-22 15:26:33,675 [INFO] Enviando C:\Users\carlos.santos\Desktop\App_XML\app.py para o Google Drive: ['ALENCAR CONTABILIDADE LTDA', 'ARQUIVOS', 'py', '2025', '08']
2025-08-22 15:26:33,677 [ERROR] Erro ao enviar/mover arquivo: 'str' object has no attribute 'get'
2025-08-22 15:26:33,677 [INFO] [MONITOR] Processando atualiza_admin_permissoes.py...
2025-08-22 15:26:33,677 [INFO] Enviando C:\Users\carlos.santos\Desktop\App_XML\atualiza_admin_permissoes.py para o Google Drive: ['ALENCAR CONTABILIDADE LTDA', 'ARQUIVOS', 'py', '2025', '08']
2025-08-22 15:26:33,679 [ERROR] Erro ao enviar/mover arquivo: 'str' object has no attribute 'get'
2025-08-22 15:26:33,679 [INFO] [MONITOR] Processando atualiza_datas_xml.py...
2025-08-22 15:26:33,680 [INFO] Enviando C:\Users\carlos.santos\Desktop\App_XML\atualiza_datas_xml.py para o Google Drive: ['ALENCAR CONTABILIDADE LTDA', 'ARQUIVOS', 'py', '2025', '08']
2025-08-22 15:26:33,682 [ERROR] Erro ao enviar/mover arquivo: 'str' object has no attribute 'get'
2025-08-22 15:26:33,682 [INFO] [MONITOR] Processando atualiza_documentos_sql.py...
2025-08-22 15:26:33,682 [INFO] Enviando C:\Users\carlos.santos\Desktop\App_XML\atualiza_documentos_sql.py para o Google Drive: ['ALENCAR CONTABILIDADE LTDA', 'ARQUIVOS', 'py', '2025', '08']
2025-08-22 15:26:33,684 [ERROR] Erro ao enviar/mover arquivo: 'str' object has no attribute 'get'
2025-08-22 15:26:33,684 [INFO] [MONITOR] Processando atualiza_usuario_documentos.py...
2025-08-22 15:26:33,684 [INFO] Enviando C:\Users\carlos.santos\Desktop\App_XML\atualiza_usuario_documentos.py para o Google Drive: ['ALENCAR CONTABILIDADE LTDA', 'ARQUIVOS', 'py', '2025', '08']
2025-08-22 15:26:33,686 [ERROR] Erro ao enviar/mover arquivo: 'str' object has no attribute 'get'
2025-08-22 15:26:33,687 [INFO] [MONITOR] Processando config.toml...
2025-08-22 15:26:33,687 [INFO] Enviando C:\Users\carlos.santos\Desktop\App_XML\config.toml para o Google Drive: ['ALENCAR CONTABILIDADE LTDA', 'ARQUIVOS', 'toml', '2025', '08']
2025-08-22 15:26:33,691 [ERROR] Erro ao enviar/mover arquivo: 'str' object has no attribute 'get'
2025-08-22 15:26:33,691 [INFO] [MONITOR] Processando config_auth.yaml...
2025-08-22 15:26:33,691 [INFO] Enviando C:\Users\carlos.santos\Desktop\App_XML\config_auth.yaml para o Google Drive: ['ALENCAR CONTABILIDADE LTDA', 'ARQUIVOS', 'yaml', '2025', '08']
2025-08-22 15:26:33,693 [ERROR] Erro ao enviar/mover arquivo: 'str' object has no attribute 'get'
2025-08-22 15:26:33,693 [INFO] [MONITOR] Processando Contabilina.py...
2025-08-22 15:26:33,693 [INFO] Enviando C:\Users\carlos.santos\Desktop\App_XML\Contabilina.py para o Google Drive: ['ALENCAR CONTABILIDADE LTDA', 'ARQUIVOS', 'py', '2025', '08']
2025-08-22 15:26:33,695 [ERROR] Erro ao enviar/mover arquivo: 'str' object has no attribute 'get'
2025-08-22 15:26:33,695 [INFO] [MONITOR] Processando Contabilina.spec...
2025-08-22 15:26:33,695 [INFO] Enviando C:\Users\carlos.santos\Desktop\App_XML\Contabilina.spec para o Google Drive: ['ALENCAR CONTABILIDADE LTDA', 'ARQUIVOS', 'spec', '2025', '08']
2025-08-22 15:26:33,697 [ERROR] Erro ao enviar/mover arquivo: 'str' object has no attribute 'get'
2025-08-22 15:26:33,697 [INFO] [MONITOR] Processando Contabilina_arquivos.spec...
2025-08-22 15:26:33,697 [INFO] Enviando C:\Users\carlos.santos\Desktop\App_XML\Contabilina_arquivos.spec para o Google Drive: ['ALENCAR CONTABILIDADE LTDA', 'ARQUIVOS', 'spec', '2025', '08']
2025-08-22 15:26:33,699 [ERROR] Erro ao enviar/mover arquivo: 'str' object has no attribute 'get'
2025-08-22 15:26:33,699 [INFO] [MONITOR] Processando credenciais.json...
2025-08-22 15:26:33,699 [INFO] Enviando C:\Users\carlos.santos\Desktop\App_XML\credenciais.json para o Google Drive: ['ALENCAR CONTABILIDADE LTDA', 'ARQUIVOS', 'json', '2025', '08']
2025-08-22 15:26:33,700 [ERROR] Erro ao enviar/mover arquivo: 'str' object has no attribute 'get'
2025-08-22 15:26:33,701 [INFO] [MONITOR] Processando cria_tabela_empresas.py...
2025-08-22 15:26:33,701 [INFO] Enviando C:\Users\carlos.santos\Desktop\App_XML\cria_tabela_empresas.py para o Google Drive: ['ALENCAR CONTABILIDADE LTDA', 'ARQUIVOS', 'py', '2025', '08']
2025-08-22 15:26:33,702 [ERROR] Erro ao enviar/mover arquivo: 'str' object has no attribute 'get'
2025-08-22 15:26:33,703 [INFO] [MONITOR] Processando docker-compose.yml...
2025-08-22 15:26:33,703 [INFO] Enviando C:\Users\carlos.santos\Desktop\App_XML\docker-compose.yml para o Google Drive: ['ALENCAR CONTABILIDADE LTDA', 'ARQUIVOS', 'yml', '2025', '08']
2025-08-22 15:26:33,705 [ERROR] Erro ao enviar/mover arquivo: 'str' object has no attribute 'get'
2025-08-22 15:26:33,706 [INFO] [MONITOR] Processando empresas.db...
2025-08-22 15:26:33,706 [INFO] Enviando C:\Users\carlos.santos\Desktop\App_XML\empresas.db para o Google Drive: ['ALENCAR CONTABILIDADE LTDA', 'ARQUIVOS', 'db', '2025', '08']
2025-08-22 15:26:33,708 [ERROR] Erro ao enviar/mover arquivo: 'str' object has no attribute 'get'
2025-08-22 15:26:33,708 [INFO] [MONITOR] Processando index_embutido_streamlit.html...
2025-08-22 15:26:33,708 [INFO] Enviando C:\Users\carlos.santos\Desktop\App_XML\index_embutido_streamlit.html para o Google Drive: ['ALENCAR CONTABILIDADE LTDA', 'ARQUIVOS', 'html', '2025', '08']
2025-08-22 15:26:33,710 [ERROR] Erro ao enviar/mover arquivo: 'str' object has no attribute 'get'
2025-08-22 15:26:33,710 [INFO] [MONITOR] Processando logo.png...
2025-08-22 15:26:33,710 [INFO] Enviando C:\Users\carlos.santos\Desktop\App_XML\logo.png para o Google Drive: ['ALENCAR CONTABILIDADE LTDA', 'ARQUIVOS', 'png', '2025', '08']
2025-08-22 15:26:33,713 [ERROR] Erro ao enviar/mover arquivo: 'str' object has no attribute 'get'
2025-08-22 15:26:33,713 [INFO] [MONITOR] Processando Papel Timbrado A4 Médica Receituário Elegante Dourado (1).pdf...
2025-08-22 15:26:33,713 [INFO] Enviando C:\Users\carlos.santos\Desktop\App_XML\Papel Timbrado A4 Médica Receituário Elegante Dourado (1).pdf para o Google Drive: ['ALENCAR CONTABILIDADE LTDA', 'ARQUIVOS', 'pdf', '2025', '08']
2025-08-22 15:26:33,715 [ERROR] Erro ao enviar/mover arquivo: 'str' object has no attribute 'get'
2025-08-22 15:26:33,715 [INFO] [MONITOR] Processando README.md...
2025-08-22 15:26:33,715 [INFO] Enviando C:\Users\carlos.santos\Desktop\App_XML\README.md para o Google Drive: ['ALENCAR CONTABILIDADE LTDA', 'ARQUIVOS', 'md', '2025', '08']
2025-08-22 15:26:33,716 [ERROR] Erro ao enviar/mover arquivo: 'str' object has no attribute 'get'
2025-08-22 15:26:33,717 [INFO] [MONITOR] Processando registrar_usuario_eliane.py...
2025-08-22 15:26:33,717 [INFO] Enviando C:\Users\carlos.santos\Desktop\App_XML\registrar_usuario_eliane.py para o Google Drive: ['ALENCAR CONTABILIDADE LTDA', 'ARQUIVOS', 'py', '2025', '08']
2025-08-22 15:26:33,718 [ERROR] Erro ao enviar/mover arquivo: 'str' object has no attribute 'get'
2025-08-22 15:26:33,718 [INFO] [MONITOR] Processando requirements.txt...
2025-08-22 15:26:33,719 [INFO] Enviando C:\Users\carlos.santos\Desktop\App_XML\requirements.txt para o Google Drive: ['ALENCAR CONTABILIDADE LTDA', 'ARQUIVOS', 'txt', '2025', '08']
2025-08-22 15:26:33,721 [ERROR] Erro ao enviar/mover arquivo: 'str' object has no attribute 'get'
2025-08-22 15:26:33,721 [INFO] [MONITOR] Processando rodar_app.bat...
2025-08-22 15:26:33,721 [INFO] Enviando C:\Users\carlos.santos\Desktop\App_XML\rodar_app.bat para o Google Drive: ['ALENCAR CONTABILIDADE LTDA', 'ARQUIVOS', 'bat', '2025', '08']
2025-08-22 15:26:33,724 [ERROR] Erro ao enviar/mover arquivo: 'str' object has no attribute 'get'
2025-08-22 15:26:33,724 [INFO] [MONITOR] Processando rodar_backup_automatico.bat...
2025-08-22 15:26:33,724 [INFO] Enviando C:\Users\carlos.santos\Desktop\App_XML\rodar_backup_automatico.bat para o Google Drive: ['ALENCAR CONTABILIDADE LTDA', 'ARQUIVOS', 'bat', '2025', '08']
2025-08-22 15:26:33,727 [ERROR] Erro ao enviar/mover arquivo: 'str' object has no attribute 'get'
2025-08-22 15:26:33,727 [INFO] [MONITOR] Processando usuarios.db...
2025-08-22 15:26:33,727 [INFO] Enviando C:\Users\carlos.santos\Desktop\App_XML\usuarios.db para o Google Drive: ['ALENCAR CONTABILIDADE LTDA', 'ARQUIVOS', 'db', '2025', '08']
2025-08-22 15:26:33,730 [ERROR] Erro ao enviar/mover arquivo: 'str' object has no attribute 'get'
2025-08-22 15:26:33,730 [INFO] [MONITOR] Processando usuarios_cadastrados.txt...
2025-08-22 15:26:33,731 [INFO] Enviando C:\Users\carlos.santos\Desktop\App_XML\usuarios_cadastrados.txt para o Google Drive: ['ALENCAR CONTABILIDADE LTDA', 'ARQUIVOS', 'txt', '2025', '08']
2025-08-22 15:26:33,733 [ERROR] Erro ao enviar/mover arquivo: 'str' object has no attribute 'get'
2025-08-22 15:26:33,733 [INFO] [MONITOR] Processando yExportaRequirements.bat...
2025-08-22 15:26:33,733 [INFO] Enviando C:\Users\carlos.santos\Desktop\App_XML\yExportaRequirements.bat para o Google Drive: ['ALENCAR CONTABILIDADE LTDA', 'ARQUIVOS', 'bat', '2025', '08']
2025-08-22 15:26:33,735 [ERROR] Erro ao enviar/mover arquivo: 'str' object has no attribute 'get'
2025-08-22 15:27:03,739 [INFO] [MONITOR] Arquivos encontrados: ['.gitattributes', '.gitignore', 'app.py', 'atualiza_admin_permissoes.py', 'atualiza_datas_xml.py', 'atualiza_documentos_sql.py', 'atualiza_usuario_documentos.py', 'config.toml', 'config_auth.yaml', 'Contabilina.py', 'Contabilina.spec', 'Contabilina_arquivos.spec', 'credenciais.json', 'cria_tabela_empresas.py', 'docker-compose.yml', 'empresas.db', 'index_embutido_streamlit.html', 'logo.png', 'Papel Timbrado A4 Médica Receituário Elegante Dourado (1).pdf', 'README.md', 'registrar_usuario_eliane.py', 'requirements.txt', 'rodar_app.bat', 'rodar_backup_automatico.bat', 'usuarios.db', 'usuarios_cadastrados.txt', 'yExportaRequirements.bat']
2025-08-22 15:27:03,739 [INFO] [MONITOR] Processando .gitattributes...
2025-08-22 15:27:03,739 [INFO] Enviando C:\Users\carlos.santos\Desktop\App_XML\.gitattributes para o Google Drive: ['ALENCAR CONTABILIDADE LTDA', 'ARQUIVOS', 'outros', '2025', '08']
2025-08-22 15:27:03,741 [ERROR] Erro ao enviar/mover arquivo: 'str' object has no attribute 'get'
2025-08-22 15:27:03,741 [INFO] [MONITOR] Processando .gitignore...
2025-08-22 15:27:03,741 [INFO] Enviando C:\Users\carlos.santos\Desktop\App_XML\.gitignore para o Google Drive: ['ALENCAR CONTABILIDADE LTDA', 'ARQUIVOS', 'outros', '2025', '08']
2025-08-22 15:27:03,743 [ERROR] Erro ao enviar/mover arquivo: 'str' object has no attribute 'get'
2025-08-22 15:27:03,743 [INFO] [MONITOR] Processando app.py...
2025-08-22 15:27:03,743 [INFO] Enviando C:\Users\carlos.santos\Desktop\App_XML\app.py para o Google Drive: ['ALENCAR CONTABILIDADE LTDA', 'ARQUIVOS', 'py', '2025', '08']
2025-08-22 15:27:03,746 [ERROR] Erro ao enviar/mover arquivo: 'str' object has no attribute 'get'
2025-08-22 15:27:03,746 [INFO] [MONITOR] Processando atualiza_admin_permissoes.py...
2025-08-22 15:27:03,746 [INFO] Enviando C:\Users\carlos.santos\Desktop\App_XML\atualiza_admin_permissoes.py para o Google Drive: ['ALENCAR CONTABILIDADE LTDA', 'ARQUIVOS', 'py', '2025', '08']
2025-08-22 15:27:03,748 [ERROR] Erro ao enviar/mover arquivo: 'str' object has no attribute 'get'
2025-08-22 15:27:03,748 [INFO] [MONITOR] Processando atualiza_datas_xml.py...
2025-08-22 15:27:03,748 [INFO] Enviando C:\Users\carlos.santos\Desktop\App_XML\atualiza_datas_xml.py para o Google Drive: ['ALENCAR CONTABILIDADE LTDA', 'ARQUIVOS', 'py', '2025', '08']
2025-08-22 15:27:03,749 [ERROR] Erro ao enviar/mover arquivo: 'str' object has no attribute 'get'
2025-08-22 15:27:03,750 [INFO] [MONITOR] Processando atualiza_documentos_sql.py...
2025-08-22 15:27:03,750 [INFO] Enviando C:\Users\carlos.santos\Desktop\App_XML\atualiza_documentos_sql.py para o Google Drive: ['ALENCAR CONTABILIDADE LTDA', 'ARQUIVOS', 'py', '2025', '08']
2025-08-22 15:27:03,752 [ERROR] Erro ao enviar/mover arquivo: 'str' object has no attribute 'get'
2025-08-22 15:27:03,752 [INFO] [MONITOR] Processando atualiza_usuario_documentos.py...
2025-08-22 15:27:03,752 [INFO] Enviando C:\Users\carlos.santos\Desktop\App_XML\atualiza_usuario_documentos.py para o Google Drive: ['ALENCAR CONTABILIDADE LTDA', 'ARQUIVOS', 'py', '2025', '08']
2025-08-22 15:27:03,754 [ERROR] Erro ao enviar/mover arquivo: 'str' object has no attribute 'get'
2025-08-22 15:27:03,755 [INFO] [MONITOR] Processando config.toml...
2025-08-22 15:27:03,755 [INFO] Enviando C:\Users\carlos.santos\Desktop\App_XML\config.toml para o Google Drive: ['ALENCAR CONTABILIDADE LTDA', 'ARQUIVOS', 'toml', '2025', '08']
2025-08-22 15:27:03,757 [ERROR] Erro ao enviar/mover arquivo: 'str' object has no attribute 'get'
2025-08-22 15:27:03,757 [INFO] [MONITOR] Processando config_auth.yaml...
2025-08-22 15:27:03,757 [INFO] Enviando C:\Users\carlos.santos\Desktop\App_XML\config_auth.yaml para o Google Drive: ['ALENCAR CONTABILIDADE LTDA', 'ARQUIVOS', 'yaml', '2025', '08']
2025-08-22 15:27:03,759 [ERROR] Erro ao enviar/mover arquivo: 'str' object has no attribute 'get'
2025-08-22 15:27:03,759 [INFO] [MONITOR] Processando Contabilina.py...
2025-08-22 15:27:03,759 [INFO] Enviando C:\Users\carlos.santos\Desktop\App_XML\Contabilina.py para o Google Drive: ['ALENCAR CONTABILIDADE LTDA', 'ARQUIVOS', 'py', '2025', '08']
2025-08-22 15:27:03,761 [ERROR] Erro ao enviar/mover arquivo: 'str' object has no attribute 'get'
2025-08-22 15:27:03,761 [INFO] [MONITOR] Processando Contabilina.spec...
2025-08-22 15:27:03,762 [INFO] Enviando C:\Users\carlos.santos\Desktop\App_XML\Contabilina.spec para o Google Drive: ['ALENCAR CONTABILIDADE LTDA', 'ARQUIVOS', 'spec', '2025', '08']
2025-08-22 15:27:03,764 [ERROR] Erro ao enviar/mover arquivo: 'str' object has no attribute 'get'
2025-08-22 15:27:03,764 [INFO] [MONITOR] Processando Contabilina_arquivos.spec...
2025-08-22 15:27:03,764 [INFO] Enviando C:\Users\carlos.santos\Desktop\App_XML\Contabilina_arquivos.spec para o Google Drive: ['ALENCAR CONTABILIDADE LTDA', 'ARQUIVOS', 'spec', '2025', '08']
2025-08-22 15:27:03,765 [ERROR] Erro ao enviar/mover arquivo: 'str' object has no attribute 'get'
2025-08-22 15:27:03,766 [INFO] [MONITOR] Processando credenciais.json...
2025-08-22 15:27:03,766 [INFO] Enviando C:\Users\carlos.santos\Desktop\App_XML\credenciais.json para o Google Drive: ['ALENCAR CONTABILIDADE LTDA', 'ARQUIVOS', 'json', '2025', '08']
2025-08-22 15:27:03,768 [ERROR] Erro ao enviar/mover arquivo: 'str' object has no attribute 'get'
2025-08-22 15:27:03,768 [INFO] [MONITOR] Processando cria_tabela_empresas.py...
2025-08-22 15:27:03,768 [INFO] Enviando C:\Users\carlos.santos\Desktop\App_XML\cria_tabela_empresas.py para o Google Drive: ['ALENCAR CONTABILIDADE LTDA', 'ARQUIVOS', 'py', '2025', '08']
2025-08-22 15:27:03,770 [ERROR] Erro ao enviar/mover arquivo: 'str' object has no attribute 'get'
2025-08-22 15:27:03,771 [INFO] [MONITOR] Processando docker-compose.yml...
2025-08-22 15:27:03,771 [INFO] Enviando C:\Users\carlos.santos\Desktop\App_XML\docker-compose.yml para o Google Drive: ['ALENCAR CONTABILIDADE LTDA', 'ARQUIVOS', 'yml', '2025', '08']
2025-08-22 15:27:03,772 [ERROR] Erro ao enviar/mover arquivo: 'str' object has no attribute 'get'
2025-08-22 15:27:03,772 [INFO] [MONITOR] Processando empresas.db...
2025-08-22 15:27:03,773 [INFO] Enviando C:\Users\carlos.santos\Desktop\App_XML\empresas.db para o Google Drive: ['ALENCAR CONTABILIDADE LTDA', 'ARQUIVOS', 'db', '2025', '08']
2025-08-22 15:27:03,774 [ERROR] Erro ao enviar/mover arquivo: 'str' object has no attribute 'get'
2025-08-22 15:27:03,774 [INFO] [MONITOR] Processando index_embutido_streamlit.html...
2025-08-22 15:27:03,775 [INFO] Enviando C:\Users\carlos.santos\Desktop\App_XML\index_embutido_streamlit.html para o Google Drive: ['ALENCAR CONTABILIDADE LTDA', 'ARQUIVOS', 'html', '2025', '08']
2025-08-22 15:27:03,776 [ERROR] Erro ao enviar/mover arquivo: 'str' object has no attribute 'get'
2025-08-22 15:27:03,776 [INFO] [MONITOR] Processando logo.png...
2025-08-22 15:27:03,777 [INFO] Enviando C:\Users\carlos.santos\Desktop\App_XML\logo.png para o Google Drive: ['ALENCAR CONTABILIDADE LTDA', 'ARQUIVOS', 'png', '2025', '08']
2025-08-22 15:27:03,779 [ERROR] Erro ao enviar/mover arquivo: 'str' object has no attribute 'get'
2025-08-22 15:27:03,779 [INFO] [MONITOR] Processando Papel Timbrado A4 Médica Receituário Elegante Dourado (1).pdf...
2025-08-22 15:27:03,779 [INFO] Enviando C:\Users\carlos.santos\Desktop\App_XML\Papel Timbrado A4 Médica Receituário Elegante Dourado (1).pdf para o Google Drive: ['ALENCAR CONTABILIDADE LTDA', 'ARQUIVOS', 'pdf', '2025', '08']
2025-08-22 15:27:03,781 [ERROR] Erro ao enviar/mover arquivo: 'str' object has no attribute 'get'
2025-08-22 15:27:03,781 [INFO] [MONITOR] Processando README.md...
2025-08-22 15:27:03,781 [INFO] Enviando C:\Users\carlos.santos\Desktop\App_XML\README.md para o Google Drive: ['ALENCAR CONTABILIDADE LTDA', 'ARQUIVOS', 'md', '2025', '08']
2025-08-22 15:27:03,783 [ERROR] Erro ao enviar/mover arquivo: 'str' object has no attribute 'get'
2025-08-22 15:27:03,783 [INFO] [MONITOR] Processando registrar_usuario_eliane.py...
2025-08-22 15:27:03,783 [INFO] Enviando C:\Users\carlos.santos\Desktop\App_XML\registrar_usuario_eliane.py para o Google Drive: ['ALENCAR CONTABILIDADE LTDA', 'ARQUIVOS', 'py', '2025', '08']
2025-08-22 15:27:03,785 [ERROR] Erro ao enviar/mover arquivo: 'str' object has no attribute 'get'
2025-08-22 15:27:03,786 [INFO] [MONITOR] Processando requirements.txt...
2025-08-22 15:27:03,786 [INFO] Enviando C:\Users\carlos.santos\Desktop\App_XML\requirements.txt para o Google Drive: ['ALENCAR CONTABILIDADE LTDA', 'ARQUIVOS', 'txt', '2025', '08']
2025-08-22 15:27:03,787 [ERROR] Erro ao enviar/mover arquivo: 'str' object has no attribute 'get'
2025-08-22 15:27:03,788 [INFO] [MONITOR] Processando rodar_app.bat...
2025-08-22 15:27:03,788 [INFO] Enviando C:\Users\carlos.santos\Desktop\App_XML\rodar_app.bat para o Google Drive: ['ALENCAR CONTABILIDADE LTDA', 'ARQUIVOS', 'bat', '2025', '08']
2025-08-22 15:27:03,790 [ERROR] Erro ao enviar/mover arquivo: 'str' object has no attribute 'get'
2025-08-22 15:27:03,790 [INFO] [MONITOR] Processando rodar_backup_automatico.bat...
2025-08-22 15:27:03,790 [INFO] Enviando C:\Users\carlos.santos\Desktop\App_XML\rodar_backup_automatico.bat para o Google Drive: ['ALENCAR CONTABILIDADE LTDA', 'ARQUIVOS', 'bat', '2025', '08']
2025-08-22 15:27:03,791 [ERROR] Erro ao enviar/mover arquivo: 'str' object has no attribute 'get'
2025-08-22 15:27:03,792 [INFO] [MONITOR] Processando usuarios.db...
2025-08-22 15:27:03,792 [INFO] Enviando C:\Users\carlos.santos\Desktop\App_XML\usuarios.db para o Google Drive: ['ALENCAR CONTABILIDADE LTDA', 'ARQUIVOS', 'db', '2025', '08']
2025-08-22 15:27:03,794 [ERROR] Erro ao enviar/mover arquivo: 'str' object has no attribute 'get'
2025-08-22 15:27:03,794 [INFO] [MONITOR] Processando usuarios_cadastrados.txt...
2025-08-22 15:27:03,794 [INFO] Enviando C:\Users\carlos.santos\Desktop\App_XML\usuarios_cadastrados.txt para o Google Drive: ['ALENCAR CONTABILIDADE LTDA', 'ARQUIVOS', 'txt', '2025', '08']
2025-08-22 15:27:03,796 [ERROR] Erro ao enviar/mover arquivo: 'str' object has no attribute 'get'
2025-08-22 15:27:03,796 [INFO] [MONITOR] Processando yExportaRequirements.bat...
2025-08-22 15:27:03,796 [INFO] Enviando C:\Users\carlos.santos\Desktop\App_XML\yExportaRequirements.bat para o Google Drive: ['ALENCAR CONTABILIDADE LTDA', 'ARQUIVOS', 'bat', '2025', '08']
2025-08-22 15:27:03,798 [ERROR] Erro ao enviar/mover arquivo: 'str' object has no attribute 'get'
2025-08-22 15:28:10,748 [INFO] [INICIO] Serviço Contabilina_arquivos iniciado!
2025-08-22 15:28:10,749 [INFO] [MONITOR] Monitorando a pasta por novos arquivos...
2025-08-22 15:28:10,749 [INFO] [MONITOR] Pasta monitorada: C:\Users\carlos.santos\Desktop\App_XML
2025-08-22 15:28:10,749 [INFO] [INICIO] Carregando ícone: c:\Users\carlos.santos\Desktop\App_XML\imagens\CONTABELINA.ico
2025-08-22 15:28:10,751 [INFO] [MONITOR] Arquivos encontrados: ['.gitattributes', '.gitignore', 'app.py', 'atualiza_admin_permissoes.py', 'atualiza_datas_xml.py', 'atualiza_documentos_sql.py', 'atualiza_usuario_documentos.py', 'config.toml', 'config_auth.yaml', 'Contabilina.py', 'Contabilina.spec', 'Contabilina_arquivos.spec', 'credenciais.json', 'cria_tabela_empresas.py', 'docker-compose.yml', 'empresas.db', 'index_embutido_streamlit.html', 'logo.png', 'Papel Timbrado A4 Médica Receituário Elegante Dourado (1).pdf', 'README.md', 'registrar_usuario_eliane.py', 'requirements.txt', 'rodar_app.bat', 'rodar_backup_automatico.bat', 'usuarios.db', 'usuarios_cadastrados.txt', 'yExportaRequirements.bat']
2025-08-22 15:28:10,751 [INFO] [MONITOR] Processando .gitattributes...
2025-08-22 15:28:10,752 [INFO] Enviando C:\Users\carlos.santos\Desktop\App_XML\.gitattributes para o Google Drive: ['ALENCAR CONTABILIDADE LTDA', 'ARQUIVOS', 'outros', '2025', '08']
2025-08-22 15:28:10,773 [ERROR] Erro ao enviar/mover arquivo: One of ['client_json_file_path', 'client_json_dict', 'client_json', 'client_pkcs12_file_path'] is required for service authentication
2025-08-22 15:28:10,774 [INFO] [MONITOR] Processando .gitignore...
2025-08-22 15:28:10,774 [INFO] Enviando C:\Users\carlos.santos\Desktop\App_XML\.gitignore para o Google Drive: ['ALENCAR CONTABILIDADE LTDA', 'ARQUIVOS', 'outros', '2025', '08']
2025-08-22 15:28:10,777 [ERROR] Erro ao enviar/mover arquivo: One of ['client_json_file_path', 'client_json_dict', 'client_json', 'client_pkcs12_file_path'] is required for service authentication
2025-08-22 15:28:10,777 [INFO] [MONITOR] Processando app.py...
2025-08-22 15:28:10,777 [INFO] Enviando C:\Users\carlos.santos\Desktop\App_XML\app.py para o Google Drive: ['ALENCAR CONTABILIDADE LTDA', 'ARQUIVOS', 'py', '2025', '08']
2025-08-22 15:28:10,784 [ERROR] Erro ao enviar/mover arquivo: One of ['client_json_file_path', 'client_json_dict', 'client_json', 'client_pkcs12_file_path'] is required for service authentication
2025-08-22 15:28:10,784 [INFO] [MONITOR] Processando atualiza_admin_permissoes.py...
2025-08-22 15:28:10,784 [INFO] Enviando C:\Users\carlos.santos\Desktop\App_XML\atualiza_admin_permissoes.py para o Google Drive: ['ALENCAR CONTABILIDADE LTDA', 'ARQUIVOS', 'py', '2025', '08']
2025-08-22 15:28:10,787 [ERROR] Erro ao enviar/mover arquivo: One of ['client_json_file_path', 'client_json_dict', 'client_json', 'client_pkcs12_file_path'] is required for service authentication
2025-08-22 15:28:10,787 [INFO] [MONITOR] Processando atualiza_datas_xml.py...
2025-08-22 15:28:10,787 [INFO] Enviando C:\Users\carlos.santos\Desktop\App_XML\atualiza_datas_xml.py para o Google Drive: ['ALENCAR CONTABILIDADE LTDA', 'ARQUIVOS', 'py', '2025', '08']
2025-08-22 15:28:10,789 [ERROR] Erro ao enviar/mover arquivo: One of ['client_json_file_path', 'client_json_dict', 'client_json', 'client_pkcs12_file_path'] is required for service authentication
2025-08-22 15:28:10,790 [INFO] [MONITOR] Processando atualiza_documentos_sql.py...
2025-08-22 15:28:10,790 [INFO] Enviando C:\Users\carlos.santos\Desktop\App_XML\atualiza_documentos_sql.py para o Google Drive: ['ALENCAR CONTABILIDADE LTDA', 'ARQUIVOS', 'py', '2025', '08']
2025-08-22 15:28:10,792 [ERROR] Erro ao enviar/mover arquivo: One of ['client_json_file_path', 'client_json_dict', 'client_json', 'client_pkcs12_file_path'] is required for service authentication
2025-08-22 15:28:10,792 [INFO] [MONITOR] Processando atualiza_usuario_documentos.py...
2025-08-22 15:28:10,793 [INFO] Enviando C:\Users\carlos.santos\Desktop\App_XML\atualiza_usuario_documentos.py para o Google Drive: ['ALENCAR CONTABILIDADE LTDA', 'ARQUIVOS', 'py', '2025', '08']
2025-08-22 15:28:10,795 [ERROR] Erro ao enviar/mover arquivo: One of ['client_json_file_path', 'client_json_dict', 'client_json', 'client_pkcs12_file_path'] is required for service authentication
2025-08-22 15:28:10,796 [INFO] [MONITOR] Processando config.toml...
2025-08-22 15:28:10,796 [INFO] Enviando C:\Users\carlos.santos\Desktop\App_XML\config.toml para o Google Drive: ['ALENCAR CONTABILIDADE LTDA', 'ARQUIVOS', 'toml', '2025', '08']
2025-08-22 15:28:10,801 [ERROR] Erro ao enviar/mover arquivo: One of ['client_json_file_path', 'client_json_dict', 'client_json', 'client_pkcs12_file_path'] is required for service authentication
2025-08-22 15:28:10,802 [INFO] [MONITOR] Processando config_auth.yaml...
2025-08-22 15:28:10,802 [INFO] Enviando C:\Users\carlos.santos\Desktop\App_XML\config_auth.yaml para o Google Drive: ['ALENCAR CONTABILIDADE LTDA', 'ARQUIVOS', 'yaml', '2025', '08']
2025-08-22 15:28:10,804 [ERROR] Erro ao enviar/mover arquivo: One of ['client_json_file_path', 'client_json_dict', 'client_json', 'client_pkcs12_file_path'] is required for service authentication
2025-08-22 15:28:10,804 [INFO] [MONITOR] Processando Contabilina.py...
2025-08-22 15:28:10,805 [INFO] Enviando C:\Users\carlos.santos\Desktop\App_XML\Contabilina.py para o Google Drive: ['ALENCAR CONTABILIDADE LTDA', 'ARQUIVOS', 'py', '2025', '08']
2025-08-22 15:28:10,807 [ERROR] Erro ao enviar/mover arquivo: One of ['client_json_file_path', 'client_json_dict', 'client_json', 'client_pkcs12_file_path'] is required for service authentication
2025-08-22 15:28:10,807 [INFO] [MONITOR] Processando Contabilina.spec...
2025-08-22 15:28:10,807 [INFO] Enviando C:\Users\carlos.santos\Desktop\App_XML\Contabilina.spec para o Google Drive: ['ALENCAR CONTABILIDADE LTDA', 'ARQUIVOS', 'spec', '2025', '08']
2025-08-22 15:28:10,810 [ERROR] Erro ao enviar/mover arquivo: One of ['client_json_file_path', 'client_json_dict', 'client_json', 'client_pkcs12_file_path'] is required for service authentication
2025-08-22 15:28:10,810 [INFO] [MONITOR] Processando Contabilina_arquivos.spec...
2025-08-22 15:28:10,810 [INFO] Enviando C:\Users\carlos.santos\Desktop\App_XML\Contabilina_arquivos.spec para o Google Drive: ['ALENCAR CONTABILIDADE LTDA', 'ARQUIVOS', 'spec', '2025', '08']
2025-08-22 15:28:10,820 [ERROR] Erro ao enviar/mover arquivo: One of ['client_json_file_path', 'client_json_dict', 'client_json', 'client_pkcs12_file_path'] is required for service authentication
2025-08-22 15:28:10,820 [INFO] [MONITOR] Processando credenciais.json...
2025-08-22 15:28:10,820 [INFO] Enviando C:\Users\carlos.santos\Desktop\App_XML\credenciais.json para o Google Drive: ['ALENCAR CONTABILIDADE LTDA', 'ARQUIVOS', 'json', '2025', '08']
2025-08-22 15:28:10,828 [ERROR] Erro ao enviar/mover arquivo: One of ['client_json_file_path', 'client_json_dict', 'client_json', 'client_pkcs12_file_path'] is required for service authentication
2025-08-22 15:28:10,828 [INFO] [MONITOR] Processando cria_tabela_empresas.py...
2025-08-22 15:28:10,828 [INFO] Enviando C:\Users\carlos.santos\Desktop\App_XML\cria_tabela_empresas.py para o Google Drive: ['ALENCAR CONTABILIDADE LTDA', 'ARQUIVOS', 'py', '2025', '08']
2025-08-22 15:28:10,832 [ERROR] Erro ao enviar/mover arquivo: One of ['client_json_file_path', 'client_json_dict', 'client_json', 'client_pkcs12_file_path'] is required for service authentication
2025-08-22 15:28:10,832 [INFO] [MONITOR] Processando docker-compose.yml...
2025-08-22 15:28:10,832 [INFO] Enviando C:\Users\carlos.santos\Desktop\App_XML\docker-compose.yml para o Google Drive: ['ALENCAR CONTABILIDADE LTDA', 'ARQUIVOS', 'yml', '2025', '08']
2025-08-22 15:28:10,834 [ERROR] Erro ao enviar/mover arquivo: One of ['client_json_file_path', 'client_json_dict', 'client_json', 'client_pkcs12_file_path'] is required for service authentication
2025-08-22 15:28:10,835 [INFO] [MONITOR] Processando empresas.db...
2025-08-22 15:28:10,835 [INFO] Enviando C:\Users\carlos.santos\Desktop\App_XML\empresas.db para o Google Drive: ['ALENCAR CONTABILIDADE LTDA', 'ARQUIVOS', 'db', '2025', '08']
2025-08-22 15:28:10,837 [ERROR] Erro ao enviar/mover arquivo: One of ['client_json_file_path', 'client_json_dict', 'client_json', 'client_pkcs12_file_path'] is required for service authentication
2025-08-22 15:28:10,838 [INFO] [MONITOR] Processando index_embutido_streamlit.html...
2025-08-22 15:28:10,838 [INFO] Enviando C:\Users\carlos.santos\Desktop\App_XML\index_embutido_streamlit.html para o Google Drive: ['ALENCAR CONTABILIDADE LTDA', 'ARQUIVOS', 'html', '2025', '08']
2025-08-22 15:28:10,840 [ERROR] Erro ao enviar/mover arquivo: One of ['client_json_file_path', 'client_json_dict', 'client_json', 'client_pkcs12_file_path'] is required for service authentication
2025-08-22 15:28:10,840 [INFO] [MONITOR] Processando logo.png...
2025-08-22 15:28:10,840 [INFO] Enviando C:\Users\carlos.santos\Desktop\App_XML\logo.png para o Google Drive: ['ALENCAR CONTABILIDADE LTDA', 'ARQUIVOS', 'png', '2025', '08']
2025-08-22 15:28:10,843 [ERROR] Erro ao enviar/mover arquivo: One of ['client_json_file_path', 'client_json_dict', 'client_json', 'client_pkcs12_file_path'] is required for service authentication
2025-08-22 15:28:10,843 [INFO] [MONITOR] Processando Papel Timbrado A4 Médica Receituário Elegante Dourado (1).pdf...
2025-08-22 15:28:10,843 [INFO] Enviando C:\Users\carlos.santos\Desktop\App_XML\Papel Timbrado A4 Médica Receituário Elegante Dourado (1).pdf para o Google Drive: ['ALENCAR CONTABILIDADE LTDA', 'ARQUIVOS', 'pdf', '2025', '08']
2025-08-22 15:28:10,846 [ERROR] Erro ao enviar/mover arquivo: One of ['client_json_file_path', 'client_json_dict', 'client_json', 'client_pkcs12_file_path'] is required for service authentication
2025-08-22 15:28:10,846 [INFO] [MONITOR] Processando README.md...
2025-08-22 15:28:10,847 [INFO] Enviando C:\Users\carlos.santos\Desktop\App_XML\README.md para o Google Drive: ['ALENCAR CONTABILIDADE LTDA', 'ARQUIVOS', 'md', '2025', '08']
2025-08-22 15:28:10,849 [ERROR] Erro ao enviar/mover arquivo: One of ['client_json_file_path', 'client_json_dict', 'client_json', 'client_pkcs12_file_path'] is required for service authentication
2025-08-22 15:28:10,849 [INFO] [MONITOR] Processando registrar_usuario_eliane.py...
2025-08-22 15:28:10,849 [INFO] Enviando C:\Users\carlos.santos\Desktop\App_XML\registrar_usuario_eliane.py para o Google Drive: ['ALENCAR CONTABILIDADE LTDA', 'ARQUIVOS', 'py', '2025', '08']
2025-08-22 15:28:10,851 [ERROR] Erro ao enviar/mover arquivo: One of ['client_json_file_path', 'client_json_dict', 'client_json', 'client_pkcs12_file_path'] is required for service authentication
2025-08-22 15:28:10,851 [INFO] [MONITOR] Processando requirements.txt...
2025-08-22 15:28:10,852 [INFO] Enviando C:\Users\carlos.santos\Desktop\App_XML\requirements.txt para o Google Drive: ['ALENCAR CONTABILIDADE LTDA', 'ARQUIVOS', 'txt', '2025', '08']
2025-08-22 15:28:10,853 [ERROR] Erro ao enviar/mover arquivo: One of ['client_json_file_path', 'client_json_dict', 'client_json', 'client_pkcs12_file_path'] is required for service authentication
2025-08-22 15:28:10,854 [INFO] [MONITOR] Processando rodar_app.bat...
2025-08-22 15:28:10,854 [INFO] Enviando C:\Users\carlos.santos\Desktop\App_XML\rodar_app.bat para o Google Drive: ['ALENCAR CONTABILIDADE LTDA', 'ARQUIVOS', 'bat', '2025', '08']
2025-08-22 15:28:10,856 [ERROR] Erro ao enviar/mover arquivo: One of ['client_json_file_path', 'client_json_dict', 'client_json', 'client_pkcs12_file_path'] is required for service authentication
2025-08-22 15:28:10,856 [INFO] [MONITOR] Processando rodar_backup_automatico.bat...
2025-08-22 15:28:10,857 [INFO] Enviando C:\Users\carlos.santos\Desktop\App_XML\rodar_backup_automatico.bat para o Google Drive: ['ALENCAR CONTABILIDADE LTDA', 'ARQUIVOS', 'bat', '2025', '08']
2025-08-22 15:28:10,858 [ERROR] Erro ao enviar/mover arquivo: One of ['client_json_file_path', 'client_json_dict', 'client_json', 'client_pkcs12_file_path'] is required for service authentication
2025-08-22 15:28:10,858 [INFO] [MONITOR] Processando usuarios.db...
2025-08-22 15:28:10,859 [INFO] Enviando C:\Users\carlos.santos\Desktop\App_XML\usuarios.db para o Google Drive: ['ALENCAR CONTABILIDADE LTDA', 'ARQUIVOS', 'db', '2025', '08']
2025-08-22 15:28:10,860 [ERROR] Erro ao enviar/mover arquivo: One of ['client_json_file_path', 'client_json_dict', 'client_json', 'client_pkcs12_file_path'] is required for service authentication
2025-08-22 15:28:10,861 [INFO] [MONITOR] Processando usuarios_cadastrados.txt...
2025-08-22 15:28:10,861 [INFO] Enviando C:\Users\carlos.santos\Desktop\App_XML\usuarios_cadastrados.txt para o Google Drive: ['ALENCAR CONTABILIDADE LTDA', 'ARQUIVOS', 'txt', '2025', '08']
2025-08-22 15:28:10,864 [ERROR] Erro ao enviar/mover arquivo: One of ['client_json_file_path', 'client_json_dict', 'client_json', 'client_pkcs12_file_path'] is required for service authentication
2025-08-22 15:28:10,864 [INFO] [MONITOR] Processando yExportaRequirements.bat...
2025-08-22 15:28:10,864 [INFO] Enviando C:\Users\carlos.santos\Desktop\App_XML\yExportaRequirements.bat para o Google Drive: ['ALENCAR CONTABILIDADE LTDA', 'ARQUIVOS', 'bat', '2025', '08']
2025-08-22 15:28:10,866 [ERROR] Erro ao enviar/mover arquivo: One of ['client_json_file_path', 'client_json_dict', 'client_json', 'client_pkcs12_file_path'] is required for service authentication
2025-08-22 15:28:40,871 [INFO] [MONITOR] Arquivos encontrados: ['.gitattributes', '.gitignore', 'app.py', 'atualiza_admin_permissoes.py', 'atualiza_datas_xml.py', 'atualiza_documentos_sql.py', 'atualiza_usuario_documentos.py', 'config.toml', 'config_auth.yaml', 'Contabilina.py', 'Contabilina.spec', 'Contabilina_arquivos.spec', 'credenciais.json', 'cria_tabela_empresas.py', 'docker-compose.yml', 'empresas.db', 'index_embutido_streamlit.html', 'logo.png', 'Papel Timbrado A4 Médica Receituário Elegante Dourado (1).pdf', 'README.md', 'registrar_usuario_eliane.py', 'requirements.txt', 'rodar_app.bat', 'rodar_backup_automatico.bat', 'usuarios.db', 'usuarios_cadastrados.txt', 'yExportaRequirements.bat']
2025-08-22 15:28:40,871 [INFO] [MONITOR] Processando .gitattributes...
2025-08-22 15:28:40,871 [INFO] Enviando C:\Users\carlos.santos\Desktop\App_XML\.gitattributes para o Google Drive: ['ALENCAR CONTABILIDADE LTDA', 'ARQUIVOS', 'outros', '2025', '08']
2025-08-22 15:28:40,874 [ERROR] Erro ao enviar/mover arquivo: One of ['client_json_file_path', 'client_json_dict', 'client_json', 'client_pkcs12_file_path'] is required for service authentication
2025-08-22 15:28:40,874 [INFO] [MONITOR] Processando .gitignore...
2025-08-22 15:28:40,875 [INFO] Enviando C:\Users\carlos.santos\Desktop\App_XML\.gitignore para o Google Drive: ['ALENCAR CONTABILIDADE LTDA', 'ARQUIVOS', 'outros', '2025', '08']
2025-08-22 15:28:40,878 [ERROR] Erro ao enviar/mover arquivo: One of ['client_json_file_path', 'client_json_dict', 'client_json', 'client_pkcs12_file_path'] is required for service authentication
2025-08-22 15:28:40,878 [INFO] [MONITOR] Processando app.py...
2025-08-22 15:28:40,878 [INFO] Enviando C:\Users\carlos.santos\Desktop\App_XML\app.py para o Google Drive: ['ALENCAR CONTABILIDADE LTDA', 'ARQUIVOS', 'py', '2025', '08']
2025-08-22 15:28:40,882 [ERROR] Erro ao enviar/mover arquivo: One of ['client_json_file_path', 'client_json_dict', 'client_json', 'client_pkcs12_file_path'] is required for service authentication
2025-08-22 15:28:40,882 [INFO] [MONITOR] Processando atualiza_admin_permissoes.py...
2025-08-22 15:28:40,883 [INFO] Enviando C:\Users\carlos.santos\Desktop\App_XML\atualiza_admin_permissoes.py para o Google Drive: ['ALENCAR CONTABILIDADE LTDA', 'ARQUIVOS', 'py', '2025', '08']
2025-08-22 15:28:40,887 [ERROR] Erro ao enviar/mover arquivo: One of ['client_json_file_path', 'client_json_dict', 'client_json', 'client_pkcs12_file_path'] is required for service authentication
2025-08-22 15:28:40,888 [INFO] [MONITOR] Processando atualiza_datas_xml.py...
2025-08-22 15:28:40,888 [INFO] Enviando C:\Users\carlos.santos\Desktop\App_XML\atualiza_datas_xml.py para o Google Drive: ['ALENCAR CONTABILIDADE LTDA', 'ARQUIVOS', 'py', '2025', '08']
2025-08-22 15:28:40,893 [ERROR] Erro ao enviar/mover arquivo: One of ['client_json_file_path', 'client_json_dict', 'client_json', 'client_pkcs12_file_path'] is required for service authentication
2025-08-22 15:28:40,893 [INFO] [MONITOR] Processando atualiza_documentos_sql.py...
2025-08-22 15:28:40,894 [INFO] Enviando C:\Users\carlos.santos\Desktop\App_XML\atualiza_documentos_sql.py para o Google Drive: ['ALENCAR CONTABILIDADE LTDA', 'ARQUIVOS', 'py', '2025', '08']
2025-08-22 15:28:40,897 [ERROR] Erro ao enviar/mover arquivo: One of ['client_json_file_path', 'client_json_dict', 'client_json', 'client_pkcs12_file_path'] is required for service authentication
2025-08-22 15:28:40,898 [INFO] [MONITOR] Processando atualiza_usuario_documentos.py...
2025-08-22 15:28:40,898 [INFO] Enviando C:\Users\carlos.santos\Desktop\App_XML\atualiza_usuario_documentos.py para o Google Drive: ['ALENCAR CONTABILIDADE LTDA', 'ARQUIVOS', 'py', '2025', '08']
2025-08-22 15:28:40,904 [ERROR] Erro ao enviar/mover arquivo: One of ['client_json_file_path', 'client_json_dict', 'client_json', 'client_pkcs12_file_path'] is required for service authentication
2025-08-22 15:28:40,904 [INFO] [MONITOR] Processando config.toml...
2025-08-22 15:28:40,904 [INFO] Enviando C:\Users\carlos.santos\Desktop\App_XML\config.toml para o Google Drive: ['ALENCAR CONTABILIDADE LTDA', 'ARQUIVOS', 'toml', '2025', '08']
2025-08-22 15:28:40,908 [ERROR] Erro ao enviar/mover arquivo: One of ['client_json_file_path', 'client_json_dict', 'client_json', 'client_pkcs12_file_path'] is required for service authentication
2025-08-22 15:28:40,909 [INFO] [MONITOR] Processando config_auth.yaml...
2025-08-22 15:28:40,909 [INFO] Enviando C:\Users\carlos.santos\Desktop\App_XML\config_auth.yaml para o Google Drive: ['ALENCAR CONTABILIDADE LTDA', 'ARQUIVOS', 'yaml', '2025', '08']
2025-08-22 15:28:40,912 [ERROR] Erro ao enviar/mover arquivo: One of ['client_json_file_path', 'client_json_dict', 'client_json', 'client_pkcs12_file_path'] is required for service authentication
2025-08-22 15:28:40,913 [INFO] [MONITOR] Processando Contabilina.py...
2025-08-22 15:28:40,913 [INFO] Enviando C:\Users\carlos.santos\Desktop\App_XML\Contabilina.py para o Google Drive: ['ALENCAR CONTABILIDADE LTDA', 'ARQUIVOS', 'py', '2025', '08']
2025-08-22 15:28:40,916 [ERROR] Erro ao enviar/mover arquivo: One of ['client_json_file_path', 'client_json_dict', 'client_json', 'client_pkcs12_file_path'] is required for service authentication
2025-08-22 15:28:40,917 [INFO] [MONITOR] Processando Contabilina.spec...
2025-08-22 15:28:40,918 [INFO] Enviando C:\Users\carlos.santos\Desktop\App_XML\Contabilina.spec para o Google Drive: ['ALENCAR CONTABILIDADE LTDA', 'ARQUIVOS', 'spec', '2025', '08']
2025-08-22 15:28:40,933 [ERROR] Erro ao enviar/mover arquivo: One of ['client_json_file_path', 'client_json_dict', 'client_json', 'client_pkcs12_file_path'] is required for service authentication
2025-08-22 15:28:40,934 [INFO] [MONITOR] Processando Contabilina_arquivos.spec...
2025-08-22 15:28:40,934 [INFO] Enviando C:\Users\carlos.santos\Desktop\App_XML\Contabilina_arquivos.spec para o Google Drive: ['ALENCAR CONTABILIDADE LTDA', 'ARQUIVOS', 'spec', '2025', '08']
2025-08-22 15:28:40,937 [ERROR] Erro ao enviar/mover arquivo: One of ['client_json_file_path', 'client_json_dict', 'client_json', 'client_pkcs12_file_path'] is required for service authentication
2025-08-22 15:28:40,938 [INFO] [MONITOR] Processando credenciais.json...
2025-08-22 15:28:40,938 [INFO] Enviando C:\Users\carlos.santos\Desktop\App_XML\credenciais.json para o Google Drive: ['ALENCAR CONTABILIDADE LTDA', 'ARQUIVOS', 'json', '2025', '08']
2025-08-22 15:28:40,941 [ERROR] Erro ao enviar/mover arquivo: One of ['client_json_file_path', 'client_json_dict', 'client_json', 'client_pkcs12_file_path'] is required for service authentication
2025-08-22 15:28:40,941 [INFO] [MONITOR] Processando cria_tabela_empresas.py...
2025-08-22 15:28:40,941 [INFO] Enviando C:\Users\carlos.santos\Desktop\App_XML\cria_tabela_empresas.py para o Google Drive: ['ALENCAR CONTABILIDADE LTDA', 'ARQUIVOS', 'py', '2025', '08']
2025-08-22 15:28:40,944 [ERROR] Erro ao enviar/mover arquivo: One of ['client_json_file_path', 'client_json_dict', 'client_json', 'client_pkcs12_file_path'] is required for service authentication
2025-08-22 15:28:40,945 [INFO] [MONITOR] Processando docker-compose.yml...
2025-08-22 15:28:40,945 [INFO] Enviando C:\Users\carlos.santos\Desktop\App_XML\docker-compose.yml para o Google Drive: ['ALENCAR CONTABILIDADE LTDA', 'ARQUIVOS', 'yml', '2025', '08']
2025-08-22 15:28:40,948 [ERROR] Erro ao enviar/mover arquivo: One of ['client_json_file_path', 'client_json_dict', 'client_json', 'client_pkcs12_file_path'] is required for service authentication
2025-08-22 15:28:40,948 [INFO] [MONITOR] Processando empresas.db...
2025-08-22 15:28:40,949 [INFO] Enviando C:\Users\carlos.santos\Desktop\App_XML\empresas.db para o Google Drive: ['ALENCAR CONTABILIDADE LTDA', 'ARQUIVOS', 'db', '2025', '08']
2025-08-22 15:28:40,953 [ERROR] Erro ao enviar/mover arquivo: One of ['client_json_file_path', 'client_json_dict', 'client_json', 'client_pkcs12_file_path'] is required for service authentication
2025-08-22 15:28:40,953 [INFO] [MONITOR] Processando index_embutido_streamlit.html...
2025-08-22 15:28:40,954 [INFO] Enviando C:\Users\carlos.santos\Desktop\App_XML\index_embutido_streamlit.html para o Google Drive: ['ALENCAR CONTABILIDADE LTDA', 'ARQUIVOS', 'html', '2025', '08']
2025-08-22 15:28:40,956 [ERROR] Erro ao enviar/mover arquivo: One of ['client_json_file_path', 'client_json_dict', 'client_json', 'client_pkcs12_file_path'] is required for service authentication
2025-08-22 15:28:40,957 [INFO] [MONITOR] Processando logo.png...
2025-08-22 15:28:40,957 [INFO] Enviando C:\Users\carlos.santos\Desktop\App_XML\logo.png para o Google Drive: ['ALENCAR CONTABILIDADE LTDA', 'ARQUIVOS', 'png', '2025', '08']
2025-08-22 15:28:40,960 [ERROR] Erro ao enviar/mover arquivo: One of ['client_json_file_path', 'client_json_dict', 'client_json', 'client_pkcs12_file_path'] is required for service authentication
2025-08-22 15:28:40,960 [INFO] [MONITOR] Processando Papel Timbrado A4 Médica Receituário Elegante Dourado (1).pdf...
2025-08-22 15:28:40,960 [INFO] Enviando C:\Users\carlos.santos\Desktop\App_XML\Papel Timbrado A4 Médica Receituário Elegante Dourado (1).pdf para o Google Drive: ['ALENCAR CONTABILIDADE LTDA', 'ARQUIVOS', 'pdf', '2025', '08']
2025-08-22 15:28:40,963 [ERROR] Erro ao enviar/mover arquivo: One of ['client_json_file_path', 'client_json_dict', 'client_json', 'client_pkcs12_file_path'] is required for service authentication
2025-08-22 15:28:40,963 [INFO] [MONITOR] Processando README.md...
2025-08-22 15:28:40,963 [INFO] Enviando C:\Users\carlos.santos\Desktop\App_XML\README.md para o Google Drive: ['ALENCAR CONTABILIDADE LTDA', 'ARQUIVOS', 'md', '2025', '08']
2025-08-22 15:28:40,967 [ERROR] Erro ao enviar/mover arquivo: One of ['client_json_file_path', 'client_json_dict', 'client_json', 'client_pkcs12_file_path'] is required for service authentication
2025-08-22 15:28:40,967 [INFO] [MONITOR] Processando registrar_usuario_eliane.py...
2025-08-22 15:28:40,968 [INFO] Enviando C:\Users\carlos.santos\Desktop\App_XML\registrar_usuario_eliane.py para o Google Drive: ['ALENCAR CONTABILIDADE LTDA', 'ARQUIVOS', 'py', '2025', '08']
2025-08-22 15:28:40,971 [ERROR] Erro ao enviar/mover arquivo: One of ['client_json_file_path', 'client_json_dict', 'client_json', 'client_pkcs12_file_path'] is required for service authentication
2025-08-22 15:28:40,971 [INFO] [MONITOR] Processando requirements.txt...
2025-08-22 15:28:40,971 [INFO] Enviando C:\Users\carlos.santos\Desktop\App_XML\requirements.txt para o Google Drive: ['ALENCAR CONTABILIDADE LTDA', 'ARQUIVOS', 'txt', '2025', '08']
2025-08-22 15:28:40,974 [ERROR] Erro ao enviar/mover arquivo: One of ['client_json_file_path', 'client_json_dict', 'client_json', 'client_pkcs12_file_path'] is required for service authentication
2025-08-22 15:28:40,975 [INFO] [MONITOR] Processando rodar_app.bat...
2025-08-22 15:28:40,975 [INFO] Enviando C:\Users\carlos.santos\Desktop\App_XML\rodar_app.bat para o Google Drive: ['ALENCAR CONTABILIDADE LTDA', 'ARQUIVOS', 'bat', '2025', '08']
2025-08-22 15:28:40,977 [ERROR] Erro ao enviar/mover arquivo: One of ['client_json_file_path', 'client_json_dict', 'client_json', 'client_pkcs12_file_path'] is required for service authentication
2025-08-22 15:28:40,978 [INFO] [MONITOR] Processando rodar_backup_automatico.bat...
2025-08-22 15:28:40,978 [INFO] Enviando C:\Users\carlos.santos\Desktop\App_XML\rodar_backup_automatico.bat para o Google Drive: ['ALENCAR CONTABILIDADE LTDA', 'ARQUIVOS', 'bat', '2025', '08']
2025-08-22 15:28:40,981 [ERROR] Erro ao enviar/mover arquivo: One of ['client_json_file_path', 'client_json_dict', 'client_json', 'client_pkcs12_file_path'] is required for service authentication
2025-08-22 15:28:40,981 [INFO] [MONITOR] Processando usuarios.db...
2025-08-22 15:28:40,981 [INFO] Enviando C:\Users\carlos.santos\Desktop\App_XML\usuarios.db para o Google Drive: ['ALENCAR CONTABILIDADE LTDA', 'ARQUIVOS', 'db', '2025', '08']
2025-08-22 15:28:40,985 [ERROR] Erro ao enviar/mover arquivo: One of ['client_json_file_path', 'client_json_dict', 'client_json', 'client_pkcs12_file_path'] is required for service authentication
2025-08-22 15:28:40,986 [INFO] [MONITOR] Processando usuarios_cadastrados.txt...
2025-08-22 15:28:40,986 [INFO] Enviando C:\Users\carlos.santos\Desktop\App_XML\usuarios_cadastrados.txt para o Google Drive: ['ALENCAR CONTABILIDADE LTDA', 'ARQUIVOS', 'txt', '2025', '08']
2025-08-22 15:28:40,989 [ERROR] Erro ao enviar/mover arquivo: One of ['client_json_file_path', 'client_json_dict', 'client_json', 'client_pkcs12_file_path'] is required for service authentication
2025-08-22 15:28:40,989 [INFO] [MONITOR] Processando yExportaRequirements.bat...
2025-08-22 15:28:40,989 [INFO] Enviando C:\Users\carlos.santos\Desktop\App_XML\yExportaRequirements.bat para o Google Drive: ['ALENCAR CONTABILIDADE LTDA', 'ARQUIVOS', 'bat', '2025', '08']
2025-08-22 15:28:40,992 [ERROR] Erro ao enviar/mover arquivo: One of ['client_json_file_path', 'client_json_dict', 'client_json', 'client_pkcs12_file_path'] is required for service authentication
2025-08-22 15:29:10,994 [INFO] [MONITOR] Arquivos encontrados: ['.gitattributes', '.gitignore', 'app.py', 'atualiza_admin_permissoes.py', 'atualiza_datas_xml.py', 'atualiza_documentos_sql.py', 'atualiza_usuario_documentos.py', 'config.toml', 'config_auth.yaml', 'Contabilina.py', 'Contabilina.spec', 'Contabilina_arquivos.spec', 'credenciais.json', 'cria_tabela_empresas.py', 'docker-compose.yml', 'empresas.db', 'index_embutido_streamlit.html', 'logo.png', 'Papel Timbrado A4 Médica Receituário Elegante Dourado (1).pdf', 'README.md', 'registrar_usuario_eliane.py', 'requirements.txt', 'rodar_app.bat', 'rodar_backup_automatico.bat', 'usuarios.db', 'usuarios_cadastrados.txt', 'yExportaRequirements.bat']
2025-08-22 15:29:10,994 [INFO] [MONITOR] Processando .gitattributes...
2025-08-22 15:29:10,994 [INFO] Enviando C:\Users\carlos.santos\Desktop\App_XML\.gitattributes para o Google Drive: ['ALENCAR CONTABILIDADE LTDA', 'ARQUIVOS', 'outros', '2025', '08']
2025-08-22 15:29:10,996 [ERROR] Erro ao enviar/mover arquivo: One of ['client_json_file_path', 'client_json_dict', 'client_json', 'client_pkcs12_file_path'] is required for service authentication
2025-08-22 15:29:10,996 [INFO] [MONITOR] Processando .gitignore...
2025-08-22 15:29:10,996 [INFO] Enviando C:\Users\carlos.santos\Desktop\App_XML\.gitignore para o Google Drive: ['ALENCAR CONTABILIDADE LTDA', 'ARQUIVOS', 'outros', '2025', '08']
2025-08-22 15:29:10,997 [ERROR] Erro ao enviar/mover arquivo: One of ['client_json_file_path', 'client_json_dict', 'client_json', 'client_pkcs12_file_path'] is required for service authentication
2025-08-22 15:29:10,998 [INFO] [MONITOR] Processando app.py...
2025-08-22 15:29:10,998 [INFO] Enviando C:\Users\carlos.santos\Desktop\App_XML\app.py para o Google Drive: ['ALENCAR CONTABILIDADE LTDA', 'ARQUIVOS', 'py', '2025', '08']
2025-08-22 15:29:10,999 [ERROR] Erro ao enviar/mover arquivo: One of ['client_json_file_path', 'client_json_dict', 'client_json', 'client_pkcs12_file_path'] is required for service authentication
2025-08-22 15:29:11,000 [INFO] [MONITOR] Processando atualiza_admin_permissoes.py...
2025-08-22 15:29:11,000 [INFO] Enviando C:\Users\carlos.santos\Desktop\App_XML\atualiza_admin_permissoes.py para o Google Drive: ['ALENCAR CONTABILIDADE LTDA', 'ARQUIVOS', 'py', '2025', '08']
2025-08-22 15:29:11,001 [ERROR] Erro ao enviar/mover arquivo: One of ['client_json_file_path', 'client_json_dict', 'client_json', 'client_pkcs12_file_path'] is required for service authentication
2025-08-22 15:29:11,001 [INFO] [MONITOR] Processando atualiza_datas_xml.py...
2025-08-22 15:29:11,002 [INFO] Enviando C:\Users\carlos.santos\Desktop\App_XML\atualiza_datas_xml.py para o Google Drive: ['ALENCAR CONTABILIDADE LTDA', 'ARQUIVOS', 'py', '2025', '08']
2025-08-22 15:29:11,003 [ERROR] Erro ao enviar/mover arquivo: One of ['client_json_file_path', 'client_json_dict', 'client_json', 'client_pkcs12_file_path'] is required for service authentication
2025-08-22 15:29:11,004 [INFO] [MONITOR] Processando atualiza_documentos_sql.py...
2025-08-22 15:29:11,004 [INFO] Enviando C:\Users\carlos.santos\Desktop\App_XML\atualiza_documentos_sql.py para o Google Drive: ['ALENCAR CONTABILIDADE LTDA', 'ARQUIVOS', 'py', '2025', '08']
2025-08-22 15:29:11,006 [ERROR] Erro ao enviar/mover arquivo: One of ['client_json_file_path', 'client_json_dict', 'client_json', 'client_pkcs12_file_path'] is required for service authentication
2025-08-22 15:29:11,006 [INFO] [MONITOR] Processando atualiza_usuario_documentos.py...
2025-08-22 15:29:11,006 [INFO] Enviando C:\Users\carlos.santos\Desktop\App_XML\atualiza_usuario_documentos.py para o Google Drive: ['ALENCAR CONTABILIDADE LTDA', 'ARQUIVOS', 'py', '2025', '08']
2025-08-22 15:29:11,008 [ERROR] Erro ao enviar/mover arquivo: One of ['client_json_file_path', 'client_json_dict', 'client_json', 'client_pkcs12_file_path'] is required for service authentication
2025-08-22 15:29:11,008 [INFO] [MONITOR] Processando config.toml...
2025-08-22 15:29:11,008 [INFO] Enviando C:\Users\carlos.santos\Desktop\App_XML\config.toml para o Google Drive: ['ALENCAR CONTABILIDADE LTDA', 'ARQUIVOS', 'toml', '2025', '08']
2025-08-22 15:29:11,009 [ERROR] Erro ao enviar/mover arquivo: One of ['client_json_file_path', 'client_json_dict', 'client_json', 'client_pkcs12_file_path'] is required for service authentication
2025-08-22 15:29:11,010 [INFO] [MONITOR] Processando config_auth.yaml...
2025-08-22 15:29:11,010 [INFO] Enviando C:\Users\carlos.santos\Desktop\App_XML\config_auth.yaml para o Google Drive: ['ALENCAR CONTABILIDADE LTDA', 'ARQUIVOS', 'yaml', '2025', '08']
2025-08-22 15:29:11,011 [ERROR] Erro ao enviar/mover arquivo: One of ['client_json_file_path', 'client_json_dict', 'client_json', 'client_pkcs12_file_path'] is required for service authentication
2025-08-22 15:29:11,011 [INFO] [MONITOR] Processando Contabilina.py...
2025-08-22 15:29:11,012 [INFO] Enviando C:\Users\carlos.santos\Desktop\App_XML\Contabilina.py para o Google Drive: ['ALENCAR CONTABILIDADE LTDA', 'ARQUIVOS', 'py', '2025', '08']
2025-08-22 15:29:11,013 [ERROR] Erro ao enviar/mover arquivo: One of ['client_json_file_path', 'client_json_dict', 'client_json', 'client_pkcs12_file_path'] is required for service authentication
2025-08-22 15:29:11,013 [INFO] [MONITOR] Processando Contabilina.spec...
2025-08-22 15:29:11,013 [INFO] Enviando C:\Users\carlos.santos\Desktop\App_XML\Contabilina.spec para o Google Drive: ['ALENCAR CONTABILIDADE LTDA', 'ARQUIVOS', 'spec', '2025', '08']
2025-08-22 15:29:11,015 [ERROR] Erro ao enviar/mover arquivo: One of ['client_json_file_path', 'client_json_dict', 'client_json', 'client_pkcs12_file_path'] is required for service authentication
2025-08-22 15:29:11,015 [INFO] [MONITOR] Processando Contabilina_arquivos.spec...
2025-08-22 15:29:11,015 [INFO] Enviando C:\Users\carlos.santos\Desktop\App_XML\Contabilina_arquivos.spec para o Google Drive: ['ALENCAR CONTABILIDADE LTDA', 'ARQUIVOS', 'spec', '2025', '08']
2025-08-22 15:29:11,016 [ERROR] Erro ao enviar/mover arquivo: One of ['client_json_file_path', 'client_json_dict', 'client_json', 'client_pkcs12_file_path'] is required for service authentication
2025-08-22 15:29:11,017 [INFO] [MONITOR] Processando credenciais.json...
2025-08-22 15:29:11,017 [INFO] Enviando C:\Users\carlos.santos\Desktop\App_XML\credenciais.json para o Google Drive: ['ALENCAR CONTABILIDADE LTDA', 'ARQUIVOS', 'json', '2025', '08']
2025-08-22 15:29:11,018 [ERROR] Erro ao enviar/mover arquivo: One of ['client_json_file_path', 'client_json_dict', 'client_json', 'client_pkcs12_file_path'] is required for service authentication
2025-08-22 15:29:11,018 [INFO] [MONITOR] Processando cria_tabela_empresas.py...
2025-08-22 15:29:11,018 [INFO] Enviando C:\Users\carlos.santos\Desktop\App_XML\cria_tabela_empresas.py para o Google Drive: ['ALENCAR CONTABILIDADE LTDA', 'ARQUIVOS', 'py', '2025', '08']
2025-08-22 15:29:11,035 [ERROR] Erro ao enviar/mover arquivo: One of ['client_json_file_path', 'client_json_dict', 'client_json', 'client_pkcs12_file_path'] is required for service authentication
2025-08-22 15:29:11,035 [INFO] [MONITOR] Processando docker-compose.yml...
2025-08-22 15:29:11,035 [INFO] Enviando C:\Users\carlos.santos\Desktop\App_XML\docker-compose.yml para o Google Drive: ['ALENCAR CONTABILIDADE LTDA', 'ARQUIVOS', 'yml', '2025', '08']
2025-08-22 15:29:11,036 [ERROR] Erro ao enviar/mover arquivo: One of ['client_json_file_path', 'client_json_dict', 'client_json', 'client_pkcs12_file_path'] is required for service authentication
2025-08-22 15:29:11,037 [INFO] [MONITOR] Processando empresas.db...
2025-08-22 15:29:11,037 [INFO] Enviando C:\Users\carlos.santos\Desktop\App_XML\empresas.db para o Google Drive: ['ALENCAR CONTABILIDADE LTDA', 'ARQUIVOS', 'db', '2025', '08']
2025-08-22 15:29:11,038 [ERROR] Erro ao enviar/mover arquivo: One of ['client_json_file_path', 'client_json_dict', 'client_json', 'client_pkcs12_file_path'] is required for service authentication
2025-08-22 15:29:11,039 [INFO] [MONITOR] Processando index_embutido_streamlit.html...
2025-08-22 15:29:11,039 [INFO] Enviando C:\Users\carlos.santos\Desktop\App_XML\index_embutido_streamlit.html para o Google Drive: ['ALENCAR CONTABILIDADE LTDA', 'ARQUIVOS', 'html', '2025', '08']
2025-08-22 15:29:11,040 [ERROR] Erro ao enviar/mover arquivo: One of ['client_json_file_path', 'client_json_dict', 'client_json', 'client_pkcs12_file_path'] is required for service authentication
2025-08-22 15:29:11,040 [INFO] [MONITOR] Processando logo.png...
2025-08-22 15:29:11,041 [INFO] Enviando C:\Users\carlos.santos\Desktop\App_XML\logo.png para o Google Drive: ['ALENCAR CONTABILIDADE LTDA', 'ARQUIVOS', 'png', '2025', '08']
2025-08-22 15:29:11,042 [ERROR] Erro ao enviar/mover arquivo: One of ['client_json_file_path', 'client_json_dict', 'client_json', 'client_pkcs12_file_path'] is required for service authentication
2025-08-22 15:29:11,042 [INFO] [MONITOR] Processando Papel Timbrado A4 Médica Receituário Elegante Dourado (1).pdf...
2025-08-22 15:29:11,042 [INFO] Enviando C:\Users\carlos.santos\Desktop\App_XML\Papel Timbrado A4 Médica Receituário Elegante Dourado (1).pdf para o Google Drive: ['ALENCAR CONTABILIDADE LTDA', 'ARQUIVOS', 'pdf', '2025', '08']
2025-08-22 15:29:11,044 [ERROR] Erro ao enviar/mover arquivo: One of ['client_json_file_path', 'client_json_dict', 'client_json', 'client_pkcs12_file_path'] is required for service authentication
2025-08-22 15:29:11,044 [INFO] [MONITOR] Processando README.md...
2025-08-22 15:29:11,044 [INFO] Enviando C:\Users\carlos.santos\Desktop\App_XML\README.md para o Google Drive: ['ALENCAR CONTABILIDADE LTDA', 'ARQUIVOS', 'md', '2025', '08']
2025-08-22 15:29:11,046 [ERROR] Erro ao enviar/mover arquivo: One of ['client_json_file_path', 'client_json_dict', 'client_json', 'client_pkcs12_file_path'] is required for service authentication
2025-08-22 15:29:11,046 [INFO] [MONITOR] Processando registrar_usuario_eliane.py...
2025-08-22 15:29:11,046 [INFO] Enviando C:\Users\carlos.santos\Desktop\App_XML\registrar_usuario_eliane.py para o Google Drive: ['ALENCAR CONTABILIDADE LTDA', 'ARQUIVOS', 'py', '2025', '08']
2025-08-22 15:29:11,048 [ERROR] Erro ao enviar/mover arquivo: One of ['client_json_file_path', 'client_json_dict', 'client_json', 'client_pkcs12_file_path'] is required for service authentication
2025-08-22 15:29:11,048 [INFO] [MONITOR] Processando requirements.txt...
2025-08-22 15:29:11,048 [INFO] Enviando C:\Users\carlos.santos\Desktop\App_XML\requirements.txt para o Google Drive: ['ALENCAR CONTABILIDADE LTDA', 'ARQUIVOS', 'txt', '2025', '08']
2025-08-22 15:29:11,050 [ERROR] Erro ao enviar/mover arquivo: One of ['client_json_file_path', 'client_json_dict', 'client_json', 'client_pkcs12_file_path'] is required for service authentication
2025-08-22 15:29:11,050 [INFO] [MONITOR] Processando rodar_app.bat...
2025-08-22 15:29:11,050 [INFO] Enviando C:\Users\carlos.santos\Desktop\App_XML\rodar_app.bat para o Google Drive: ['ALENCAR CONTABILIDADE LTDA', 'ARQUIVOS', 'bat', '2025', '08']
2025-08-22 15:29:11,052 [ERROR] Erro ao enviar/mover arquivo: One of ['client_json_file_path', 'client_json_dict', 'client_json', 'client_pkcs12_file_path'] is required for service authentication
2025-08-22 15:29:11,052 [INFO] [MONITOR] Processando rodar_backup_automatico.bat...
2025-08-22 15:29:11,052 [INFO] Enviando C:\Users\carlos.santos\Desktop\App_XML\rodar_backup_automatico.bat para o Google Drive: ['ALENCAR CONTABILIDADE LTDA', 'ARQUIVOS', 'bat', '2025', '08']
2025-08-22 15:29:11,054 [ERROR] Erro ao enviar/mover arquivo: One of ['client_json_file_path', 'client_json_dict', 'client_json', 'client_pkcs12_file_path'] is required for service authentication
2025-08-22 15:29:11,054 [INFO] [MONITOR] Processando usuarios.db...
2025-08-22 15:29:11,055 [INFO] Enviando C:\Users\carlos.santos\Desktop\App_XML\usuarios.db para o Google Drive: ['ALENCAR CONTABILIDADE LTDA', 'ARQUIVOS', 'db', '2025', '08']
2025-08-22 15:29:11,056 [ERROR] Erro ao enviar/mover arquivo: One of ['client_json_file_path', 'client_json_dict', 'client_json', 'client_pkcs12_file_path'] is required for service authentication
2025-08-22 15:29:11,056 [INFO] [MONITOR] Processando usuarios_cadastrados.txt...
2025-08-22 15:29:11,056 [INFO] Enviando C:\Users\carlos.santos\Desktop\App_XML\usuarios_cadastrados.txt para o Google Drive: ['ALENCAR CONTABILIDADE LTDA', 'ARQUIVOS', 'txt', '2025', '08']
2025-08-22 15:29:11,058 [ERROR] Erro ao enviar/mover arquivo: One of ['client_json_file_path', 'client_json_dict', 'client_json', 'client_pkcs12_file_path'] is required for service authentication
2025-08-22 15:29:11,058 [INFO] [MONITOR] Processando yExportaRequirements.bat...
2025-08-22 15:29:11,058 [INFO] Enviando C:\Users\carlos.santos\Desktop\App_XML\yExportaRequirements.bat para o Google Drive: ['ALENCAR CONTABILIDADE LTDA', 'ARQUIVOS', 'bat', '2025', '08']
2025-08-22 15:29:11,060 [ERROR] Erro ao enviar/mover arquivo: One of ['client_json_file_path', 'client_json_dict', 'client_json', 'client_pkcs12_file_path'] is required for service authentication
2025-08-22 15:29:41,062 [INFO] [MONITOR] Arquivos encontrados: ['.gitattributes', '.gitignore', 'app.py', 'atualiza_admin_permissoes.py', 'atualiza_datas_xml.py', 'atualiza_documentos_sql.py', 'atualiza_usuario_documentos.py', 'config.toml', 'config_auth.yaml', 'Contabilina.py', 'Contabilina.spec', 'Contabilina_arquivos.spec', 'credenciais.json', 'cria_tabela_empresas.py', 'docker-compose.yml', 'empresas.db', 'index_embutido_streamlit.html', 'logo.png', 'Papel Timbrado A4 Médica Receituário Elegante Dourado (1).pdf', 'README.md', 'registrar_usuario_eliane.py', 'requirements.txt', 'rodar_app.bat', 'rodar_backup_automatico.bat', 'usuarios.db', 'usuarios_cadastrados.txt', 'yExportaRequirements.bat']
2025-08-22 15:29:41,062 [INFO] [MONITOR] Processando .gitattributes...
2025-08-22 15:29:41,062 [INFO] Enviando C:\Users\carlos.santos\Desktop\App_XML\.gitattributes para o Google Drive: ['ALENCAR CONTABILIDADE LTDA', 'ARQUIVOS', 'outros', '2025', '08']
2025-08-22 15:29:41,064 [ERROR] Erro ao enviar/mover arquivo: One of ['client_json_file_path', 'client_json_dict', 'client_json', 'client_pkcs12_file_path'] is required for service authentication
2025-08-22 15:29:41,064 [INFO] [MONITOR] Processando .gitignore...
2025-08-22 15:29:41,064 [INFO] Enviando C:\Users\carlos.santos\Desktop\App_XML\.gitignore para o Google Drive: ['ALENCAR CONTABILIDADE LTDA', 'ARQUIVOS', 'outros', '2025', '08']
2025-08-22 15:29:41,066 [ERROR] Erro ao enviar/mover arquivo: One of ['client_json_file_path', 'client_json_dict', 'client_json', 'client_pkcs12_file_path'] is required for service authentication
2025-08-22 15:29:41,066 [INFO] [MONITOR] Processando app.py...
2025-08-22 15:29:41,066 [INFO] Enviando C:\Users\carlos.santos\Desktop\App_XML\app.py para o Google Drive: ['ALENCAR CONTABILIDADE LTDA', 'ARQUIVOS', 'py', '2025', '08']
2025-08-22 15:29:41,067 [ERROR] Erro ao enviar/mover arquivo: One of ['client_json_file_path', 'client_json_dict', 'client_json', 'client_pkcs12_file_path'] is required for service authentication
2025-08-22 15:29:41,067 [INFO] [MONITOR] Processando atualiza_admin_permissoes.py...
2025-08-22 15:29:41,068 [INFO] Enviando C:\Users\carlos.santos\Desktop\App_XML\atualiza_admin_permissoes.py para o Google Drive: ['ALENCAR CONTABILIDADE LTDA', 'ARQUIVOS', 'py', '2025', '08']
2025-08-22 15:29:41,069 [ERROR] Erro ao enviar/mover arquivo: One of ['client_json_file_path', 'client_json_dict', 'client_json', 'client_pkcs12_file_path'] is required for service authentication
2025-08-22 15:29:41,069 [INFO] [MONITOR] Processando atualiza_datas_xml.py...
2025-08-22 15:29:41,070 [INFO] Enviando C:\Users\carlos.santos\Desktop\App_XML\atualiza_datas_xml.py para o Google Drive: ['ALENCAR CONTABILIDADE LTDA', 'ARQUIVOS', 'py', '2025', '08']
2025-08-22 15:29:41,071 [ERROR] Erro ao enviar/mover arquivo: One of ['client_json_file_path', 'client_json_dict', 'client_json', 'client_pkcs12_file_path'] is required for service authentication
2025-08-22 15:29:41,071 [INFO] [MONITOR] Processando atualiza_documentos_sql.py...
2025-08-22 15:29:41,071 [INFO] Enviando C:\Users\carlos.santos\Desktop\App_XML\atualiza_documentos_sql.py para o Google Drive: ['ALENCAR CONTABILIDADE LTDA', 'ARQUIVOS', 'py', '2025', '08']
2025-08-22 15:29:41,073 [ERROR] Erro ao enviar/mover arquivo: One of ['client_json_file_path', 'client_json_dict', 'client_json', 'client_pkcs12_file_path'] is required for service authentication
2025-08-22 15:29:41,073 [INFO] [MONITOR] Processando atualiza_usuario_documentos.py...
2025-08-22 15:29:41,073 [INFO] Enviando C:\Users\carlos.santos\Desktop\App_XML\atualiza_usuario_documentos.py para o Google Drive: ['ALENCAR CONTABILIDADE LTDA', 'ARQUIVOS', 'py', '2025', '08']
2025-08-22 15:29:41,075 [ERROR] Erro ao enviar/mover arquivo: One of ['client_json_file_path', 'client_json_dict', 'client_json', 'client_pkcs12_file_path'] is required for service authentication
2025-08-22 15:29:41,075 [INFO] [MONITOR] Processando config.toml...
2025-08-22 15:29:41,075 [INFO] Enviando C:\Users\carlos.santos\Desktop\App_XML\config.toml para o Google Drive: ['ALENCAR CONTABILIDADE LTDA', 'ARQUIVOS', 'toml', '2025', '08']
2025-08-22 15:29:41,076 [ERROR] Erro ao enviar/mover arquivo: One of ['client_json_file_path', 'client_json_dict', 'client_json', 'client_pkcs12_file_path'] is required for service authentication
2025-08-22 15:29:41,076 [INFO] [MONITOR] Processando config_auth.yaml...
2025-08-22 15:29:41,077 [INFO] Enviando C:\Users\carlos.santos\Desktop\App_XML\config_auth.yaml para o Google Drive: ['ALENCAR CONTABILIDADE LTDA', 'ARQUIVOS', 'yaml', '2025', '08']
2025-08-22 15:29:41,078 [ERROR] Erro ao enviar/mover arquivo: One of ['client_json_file_path', 'client_json_dict', 'client_json', 'client_pkcs12_file_path'] is required for service authentication
2025-08-22 15:29:41,078 [INFO] [MONITOR] Processando Contabilina.py...
2025-08-22 15:29:41,078 [INFO] Enviando C:\Users\carlos.santos\Desktop\App_XML\Contabilina.py para o Google Drive: ['ALENCAR CONTABILIDADE LTDA', 'ARQUIVOS', 'py', '2025', '08']
2025-08-22 15:29:41,080 [ERROR] Erro ao enviar/mover arquivo: One of ['client_json_file_path', 'client_json_dict', 'client_json', 'client_pkcs12_file_path'] is required for service authentication
2025-08-22 15:29:41,080 [INFO] [MONITOR] Processando Contabilina.spec...
2025-08-22 15:29:41,080 [INFO] Enviando C:\Users\carlos.santos\Desktop\App_XML\Contabilina.spec para o Google Drive: ['ALENCAR CONTABILIDADE LTDA', 'ARQUIVOS', 'spec', '2025', '08']
2025-08-22 15:29:41,082 [ERROR] Erro ao enviar/mover arquivo: One of ['client_json_file_path', 'client_json_dict', 'client_json', 'client_pkcs12_file_path'] is required for service authentication
2025-08-22 15:29:41,082 [INFO] [MONITOR] Processando Contabilina_arquivos.spec...
2025-08-22 15:29:41,082 [INFO] Enviando C:\Users\carlos.santos\Desktop\App_XML\Contabilina_arquivos.spec para o Google Drive: ['ALENCAR CONTABILIDADE LTDA', 'ARQUIVOS', 'spec', '2025', '08']
2025-08-22 15:29:41,084 [ERROR] Erro ao enviar/mover arquivo: One of ['client_json_file_path', 'client_json_dict', 'client_json', 'client_pkcs12_file_path'] is required for service authentication
2025-08-22 15:29:41,084 [INFO] [MONITOR] Processando credenciais.json...
2025-08-22 15:29:41,084 [INFO] Enviando C:\Users\carlos.santos\Desktop\App_XML\credenciais.json para o Google Drive: ['ALENCAR CONTABILIDADE LTDA', 'ARQUIVOS', 'json', '2025', '08']
2025-08-22 15:29:41,086 [ERROR] Erro ao enviar/mover arquivo: One of ['client_json_file_path', 'client_json_dict', 'client_json', 'client_pkcs12_file_path'] is required for service authentication
2025-08-22 15:29:41,086 [INFO] [MONITOR] Processando cria_tabela_empresas.py...
2025-08-22 15:29:41,086 [INFO] Enviando C:\Users\carlos.santos\Desktop\App_XML\cria_tabela_empresas.py para o Google Drive: ['ALENCAR CONTABILIDADE LTDA', 'ARQUIVOS', 'py', '2025', '08']
2025-08-22 15:29:41,089 [ERROR] Erro ao enviar/mover arquivo: One of ['client_json_file_path', 'client_json_dict', 'client_json', 'client_pkcs12_file_path'] is required for service authentication
2025-08-22 15:29:41,089 [INFO] [MONITOR] Processando docker-compose.yml...
2025-08-22 15:29:41,089 [INFO] Enviando C:\Users\carlos.santos\Desktop\App_XML\docker-compose.yml para o Google Drive: ['ALENCAR CONTABILIDADE LTDA', 'ARQUIVOS', 'yml', '2025', '08']
2025-08-22 15:29:41,091 [ERROR] Erro ao enviar/mover arquivo: One of ['client_json_file_path', 'client_json_dict', 'client_json', 'client_pkcs12_file_path'] is required for service authentication
2025-08-22 15:29:41,092 [INFO] [MONITOR] Processando empresas.db...
2025-08-22 15:29:41,092 [INFO] Enviando C:\Users\carlos.santos\Desktop\App_XML\empresas.db para o Google Drive: ['ALENCAR CONTABILIDADE LTDA', 'ARQUIVOS', 'db', '2025', '08']
2025-08-22 15:29:41,094 [ERROR] Erro ao enviar/mover arquivo: One of ['client_json_file_path', 'client_json_dict', 'client_json', 'client_pkcs12_file_path'] is required for service authentication
2025-08-22 15:29:41,094 [INFO] [MONITOR] Processando index_embutido_streamlit.html...
2025-08-22 15:29:41,094 [INFO] Enviando C:\Users\carlos.santos\Desktop\App_XML\index_embutido_streamlit.html para o Google Drive: ['ALENCAR CONTABILIDADE LTDA', 'ARQUIVOS', 'html', '2025', '08']
2025-08-22 15:29:41,096 [ERROR] Erro ao enviar/mover arquivo: One of ['client_json_file_path', 'client_json_dict', 'client_json', 'client_pkcs12_file_path'] is required for service authentication
2025-08-22 15:29:41,096 [INFO] [MONITOR] Processando logo.png...
2025-08-22 15:29:41,096 [INFO] Enviando C:\Users\carlos.santos\Desktop\App_XML\logo.png para o Google Drive: ['ALENCAR CONTABILIDADE LTDA', 'ARQUIVOS', 'png', '2025', '08']
2025-08-22 15:29:41,098 [ERROR] Erro ao enviar/mover arquivo: One of ['client_json_file_path', 'client_json_dict', 'client_json', 'client_pkcs12_file_path'] is required for service authentication
2025-08-22 15:29:41,098 [INFO] [MONITOR] Processando Papel Timbrado A4 Médica Receituário Elegante Dourado (1).pdf...
2025-08-22 15:29:41,098 [INFO] Enviando C:\Users\carlos.santos\Desktop\App_XML\Papel Timbrado A4 Médica Receituário Elegante Dourado (1).pdf para o Google Drive: ['ALENCAR CONTABILIDADE LTDA', 'ARQUIVOS', 'pdf', '2025', '08']
2025-08-22 15:29:41,100 [ERROR] Erro ao enviar/mover arquivo: One of ['client_json_file_path', 'client_json_dict', 'client_json', 'client_pkcs12_file_path'] is required for service authentication
2025-08-22 15:29:41,100 [INFO] [MONITOR] Processando README.md...
2025-08-22 15:29:41,100 [INFO] Enviando C:\Users\carlos.santos\Desktop\App_XML\README.md para o Google Drive: ['ALENCAR CONTABILIDADE LTDA', 'ARQUIVOS', 'md', '2025', '08']
2025-08-22 15:29:41,117 [ERROR] Erro ao enviar/mover arquivo: One of ['client_json_file_path', 'client_json_dict', 'client_json', 'client_pkcs12_file_path'] is required for service authentication
2025-08-22 15:29:41,117 [INFO] [MONITOR] Processando registrar_usuario_eliane.py...
2025-08-22 15:29:41,117 [INFO] Enviando C:\Users\carlos.santos\Desktop\App_XML\registrar_usuario_eliane.py para o Google Drive: ['ALENCAR CONTABILIDADE LTDA', 'ARQUIVOS', 'py', '2025', '08']
2025-08-22 15:29:41,118 [ERROR] Erro ao enviar/mover arquivo: One of ['client_json_file_path', 'client_json_dict', 'client_json', 'client_pkcs12_file_path'] is required for service authentication
2025-08-22 15:29:41,118 [INFO] [MONITOR] Processando requirements.txt...
2025-08-22 15:29:41,118 [INFO] Enviando C:\Users\carlos.santos\Desktop\App_XML\requirements.txt para o Google Drive: ['ALENCAR CONTABILIDADE LTDA', 'ARQUIVOS', 'txt', '2025', '08']
2025-08-22 15:29:41,120 [ERROR] Erro ao enviar/mover arquivo: One of ['client_json_file_path', 'client_json_dict', 'client_json', 'client_pkcs12_file_path'] is required for service authentication
2025-08-22 15:29:41,120 [INFO] [MONITOR] Processando rodar_app.bat...
2025-08-22 15:29:41,120 [INFO] Enviando C:\Users\carlos.santos\Desktop\App_XML\rodar_app.bat para o Google Drive: ['ALENCAR CONTABILIDADE LTDA', 'ARQUIVOS', 'bat', '2025', '08']
2025-08-22 15:29:41,122 [ERROR] Erro ao enviar/mover arquivo: One of ['client_json_file_path', 'client_json_dict', 'client_json', 'client_pkcs12_file_path'] is required for service authentication
2025-08-22 15:29:41,122 [INFO] [MONITOR] Processando rodar_backup_automatico.bat...
2025-08-22 15:29:41,122 [INFO] Enviando C:\Users\carlos.santos\Desktop\App_XML\rodar_backup_automatico.bat para o Google Drive: ['ALENCAR CONTABILIDADE LTDA', 'ARQUIVOS', 'bat', '2025', '08']
2025-08-22 15:29:41,124 [ERROR] Erro ao enviar/mover arquivo: One of ['client_json_file_path', 'client_json_dict', 'client_json', 'client_pkcs12_file_path'] is required for service authentication
2025-08-22 15:29:41,124 [INFO] [MONITOR] Processando usuarios.db...
2025-08-22 15:29:41,124 [INFO] Enviando C:\Users\carlos.santos\Desktop\App_XML\usuarios.db para o Google Drive: ['ALENCAR CONTABILIDADE LTDA', 'ARQUIVOS', 'db', '2025', '08']
2025-08-22 15:29:41,125 [ERROR] Erro ao enviar/mover arquivo: One of ['client_json_file_path', 'client_json_dict', 'client_json', 'client_pkcs12_file_path'] is required for service authentication
2025-08-22 15:29:41,126 [INFO] [MONITOR] Processando usuarios_cadastrados.txt...
2025-08-22 15:29:41,126 [INFO] Enviando C:\Users\carlos.santos\Desktop\App_XML\usuarios_cadastrados.txt para o Google Drive: ['ALENCAR CONTABILIDADE LTDA', 'ARQUIVOS', 'txt', '2025', '08']
2025-08-22 15:29:41,127 [ERROR] Erro ao enviar/mover arquivo: One of ['client_json_file_path', 'client_json_dict', 'client_json', 'client_pkcs12_file_path'] is required for service authentication
2025-08-22 15:29:41,127 [INFO] [MONITOR] Processando yExportaRequirements.bat...
2025-08-22 15:29:41,127 [INFO] Enviando C:\Users\carlos.santos\Desktop\App_XML\yExportaRequirements.bat para o Google Drive: ['ALENCAR CONTABILIDADE LTDA', 'ARQUIVOS', 'bat', '2025', '08']
2025-08-22 15:29:41,129 [ERROR] Erro ao enviar/mover arquivo: One of ['client_json_file_path', 'client_json_dict', 'client_json', 'client_pkcs12_file_path'] is required for service authentication
2025-08-22 15:37:17,894 [INFO] [INICIO] Serviço Contabilina_arquivos iniciado!
2025-08-22 15:37:17,899 [INFO] [MONITOR] Monitorando a pasta por novos arquivos...
2025-08-22 15:37:17,899 [INFO] [MONITOR] Pasta monitorada: C:\Users\carlos.santos\Desktop\App_XML
2025-08-22 15:37:17,900 [INFO] [INICIO] Carregando ícone: c:\Users\carlos.santos\Desktop\App_XML\imagens\CONTABELINA.ico
2025-08-22 15:37:17,909 [INFO] [MONITOR] Arquivos encontrados: ['.gitattributes', '.gitignore', 'app.py', 'atualiza_admin_permissoes.py', 'atualiza_datas_xml.py', 'atualiza_documentos_sql.py', 'atualiza_usuario_documentos.py', 'config.toml', 'config_auth.yaml', 'Contabilina.py', 'Contabilina.spec', 'Contabilina_arquivos.spec', 'credenciais.json', 'cria_tabela_empresas.py', 'docker-compose.yml', 'empresas.db', 'index_embutido_streamlit.html', 'logo.png', 'Papel Timbrado A4 Médica Receituário Elegante Dourado (1).pdf', 'README.md', 'registrar_usuario_eliane.py', 'requirements.txt', 'rodar_app.bat', 'rodar_backup_automatico.bat', 'usuarios.db', 'usuarios_cadastrados.txt', 'yExportaRequirements.bat']
2025-08-22 15:37:17,909 [INFO] [MONITOR] Processando .gitattributes...
2025-08-22 15:37:17,909 [INFO] Enviando C:\Users\carlos.santos\Desktop\App_XML\.gitattributes para o Google Drive: ['ALENCAR CONTABILIDADE LTDA', 'ARQUIVOS', 'outros', '2025', '08']
2025-08-22 15:37:17,918 [ERROR] Erro ao enviar/mover arquivo: One of ['client_json_file_path', 'client_json_dict', 'client_json', 'client_pkcs12_file_path'] is required for service authentication
2025-08-22 15:37:17,918 [INFO] [MONITOR] Processando .gitignore...
2025-08-22 15:37:17,919 [INFO] Enviando C:\Users\carlos.santos\Desktop\App_XML\.gitignore para o Google Drive: ['ALENCAR CONTABILIDADE LTDA', 'ARQUIVOS', 'outros', '2025', '08']
2025-08-22 15:37:17,924 [ERROR] Erro ao enviar/mover arquivo: One of ['client_json_file_path', 'client_json_dict', 'client_json', 'client_pkcs12_file_path'] is required for service authentication
2025-08-22 15:37:17,924 [INFO] [MONITOR] Processando app.py...
2025-08-22 15:37:17,924 [INFO] Enviando C:\Users\carlos.santos\Desktop\App_XML\app.py para o Google Drive: ['ALENCAR CONTABILIDADE LTDA', 'ARQUIVOS', 'py', '2025', '08']
2025-08-22 15:37:17,928 [ERROR] Erro ao enviar/mover arquivo: One of ['client_json_file_path', 'client_json_dict', 'client_json', 'client_pkcs12_file_path'] is required for service authentication
2025-08-22 15:37:17,929 [INFO] [MONITOR] Processando atualiza_admin_permissoes.py...
2025-08-22 15:37:17,929 [INFO] Enviando C:\Users\carlos.santos\Desktop\App_XML\atualiza_admin_permissoes.py para o Google Drive: ['ALENCAR CONTABILIDADE LTDA', 'ARQUIVOS', 'py', '2025', '08']
2025-08-22 15:37:17,941 [ERROR] Erro ao enviar/mover arquivo: One of ['client_json_file_path', 'client_json_dict', 'client_json', 'client_pkcs12_file_path'] is required for service authentication
2025-08-22 15:37:17,942 [INFO] [MONITOR] Processando atualiza_datas_xml.py...
2025-08-22 15:37:17,942 [INFO] Enviando C:\Users\carlos.santos\Desktop\App_XML\atualiza_datas_xml.py para o Google Drive: ['ALENCAR CONTABILIDADE LTDA', 'ARQUIVOS', 'py', '2025', '08']
2025-08-22 15:37:17,948 [ERROR] Erro ao enviar/mover arquivo: One of ['client_json_file_path', 'client_json_dict', 'client_json', 'client_pkcs12_file_path'] is required for service authentication
2025-08-22 15:37:17,948 [INFO] [MONITOR] Processando atualiza_documentos_sql.py...
2025-08-22 15:37:17,949 [INFO] Enviando C:\Users\carlos.santos\Desktop\App_XML\atualiza_documentos_sql.py para o Google Drive: ['ALENCAR CONTABILIDADE LTDA', 'ARQUIVOS', 'py', '2025', '08']
2025-08-22 15:37:17,956 [ERROR] Erro ao enviar/mover arquivo: One of ['client_json_file_path', 'client_json_dict', 'client_json', 'client_pkcs12_file_path'] is required for service authentication
2025-08-22 15:37:17,956 [INFO] [MONITOR] Processando atualiza_usuario_documentos.py...
2025-08-22 15:37:17,956 [INFO] Enviando C:\Users\carlos.santos\Desktop\App_XML\atualiza_usuario_documentos.py para o Google Drive: ['ALENCAR CONTABILIDADE LTDA', 'ARQUIVOS', 'py', '2025', '08']
2025-08-22 15:37:17,961 [ERROR] Erro ao enviar/mover arquivo: One of ['client_json_file_path', 'client_json_dict', 'client_json', 'client_pkcs12_file_path'] is required for service authentication
2025-08-22 15:37:17,961 [INFO] [MONITOR] Processando config.toml...
2025-08-22 15:37:17,962 [INFO] Enviando C:\Users\carlos.santos\Desktop\App_XML\config.toml para o Google Drive: ['ALENCAR CONTABILIDADE LTDA', 'ARQUIVOS', 'toml', '2025', '08']
2025-08-22 15:37:17,968 [ERROR] Erro ao enviar/mover arquivo: One of ['client_json_file_path', 'client_json_dict', 'client_json', 'client_pkcs12_file_path'] is required for service authentication
2025-08-22 15:37:17,968 [INFO] [MONITOR] Processando config_auth.yaml...
2025-08-22 15:37:17,968 [INFO] Enviando C:\Users\carlos.santos\Desktop\App_XML\config_auth.yaml para o Google Drive: ['ALENCAR CONTABILIDADE LTDA', 'ARQUIVOS', 'yaml', '2025', '08']
2025-08-22 15:37:17,977 [ERROR] Erro ao enviar/mover arquivo: One of ['client_json_file_path', 'client_json_dict', 'client_json', 'client_pkcs12_file_path'] is required for service authentication
2025-08-22 15:37:17,977 [INFO] [MONITOR] Processando Contabilina.py...
2025-08-22 15:37:17,977 [INFO] Enviando C:\Users\carlos.santos\Desktop\App_XML\Contabilina.py para o Google Drive: ['ALENCAR CONTABILIDADE LTDA', 'ARQUIVOS', 'py', '2025', '08']
2025-08-22 15:37:17,982 [ERROR] Erro ao enviar/mover arquivo: One of ['client_json_file_path', 'client_json_dict', 'client_json', 'client_pkcs12_file_path'] is required for service authentication
2025-08-22 15:37:17,982 [INFO] [MONITOR] Processando Contabilina.spec...
2025-08-22 15:37:17,983 [INFO] Enviando C:\Users\carlos.santos\Desktop\App_XML\Contabilina.spec para o Google Drive: ['ALENCAR CONTABILIDADE LTDA', 'ARQUIVOS', 'spec', '2025', '08']
2025-08-22 15:37:17,988 [ERROR] Erro ao enviar/mover arquivo: One of ['client_json_file_path', 'client_json_dict', 'client_json', 'client_pkcs12_file_path'] is required for service authentication
2025-08-22 15:37:17,989 [INFO] [MONITOR] Processando Contabilina_arquivos.spec...
2025-08-22 15:37:17,989 [INFO] Enviando C:\Users\carlos.santos\Desktop\App_XML\Contabilina_arquivos.spec para o Google Drive: ['ALENCAR CONTABILIDADE LTDA', 'ARQUIVOS', 'spec', '2025', '08']
2025-08-22 15:37:17,993 [ERROR] Erro ao enviar/mover arquivo: One of ['client_json_file_path', 'client_json_dict', 'client_json', 'client_pkcs12_file_path'] is required for service authentication
2025-08-22 15:37:17,993 [INFO] [MONITOR] Processando credenciais.json...
2025-08-22 15:37:17,994 [INFO] Enviando C:\Users\carlos.santos\Desktop\App_XML\credenciais.json para o Google Drive: ['ALENCAR CONTABILIDADE LTDA', 'ARQUIVOS', 'json', '2025', '08']
2025-08-22 15:37:17,999 [ERROR] Erro ao enviar/mover arquivo: One of ['client_json_file_path', 'client_json_dict', 'client_json', 'client_pkcs12_file_path'] is required for service authentication
2025-08-22 15:37:17,999 [INFO] [MONITOR] Processando cria_tabela_empresas.py...
2025-08-22 15:37:18,000 [INFO] Enviando C:\Users\carlos.santos\Desktop\App_XML\cria_tabela_empresas.py para o Google Drive: ['ALENCAR CONTABILIDADE LTDA', 'ARQUIVOS', 'py', '2025', '08']
2025-08-22 15:37:18,004 [ERROR] Erro ao enviar/mover arquivo: One of ['client_json_file_path', 'client_json_dict', 'client_json', 'client_pkcs12_file_path'] is required for service authentication
2025-08-22 15:37:18,005 [INFO] [MONITOR] Processando docker-compose.yml...
2025-08-22 15:37:18,005 [INFO] Enviando C:\Users\carlos.santos\Desktop\App_XML\docker-compose.yml para o Google Drive: ['ALENCAR CONTABILIDADE LTDA', 'ARQUIVOS', 'yml', '2025', '08']
2025-08-22 15:37:18,016 [ERROR] Erro ao enviar/mover arquivo: One of ['client_json_file_path', 'client_json_dict', 'client_json', 'client_pkcs12_file_path'] is required for service authentication
2025-08-22 15:37:18,016 [INFO] [MONITOR] Processando empresas.db...
2025-08-22 15:37:18,016 [INFO] Enviando C:\Users\carlos.santos\Desktop\App_XML\empresas.db para o Google Drive: ['ALENCAR CONTABILIDADE LTDA', 'ARQUIVOS', 'db', '2025', '08']
2025-08-22 15:37:18,022 [ERROR] Erro ao enviar/mover arquivo: One of ['client_json_file_path', 'client_json_dict', 'client_json', 'client_pkcs12_file_path'] is required for service authentication
2025-08-22 15:37:18,023 [INFO] [MONITOR] Processando index_embutido_streamlit.html...
2025-08-22 15:37:18,023 [INFO] Enviando C:\Users\carlos.santos\Desktop\App_XML\index_embutido_streamlit.html para o Google Drive: ['ALENCAR CONTABILIDADE LTDA', 'ARQUIVOS', 'html', '2025', '08']
2025-08-22 15:37:18,032 [ERROR] Erro ao enviar/mover arquivo: One of ['client_json_file_path', 'client_json_dict', 'client_json', 'client_pkcs12_file_path'] is required for service authentication
2025-08-22 15:37:18,032 [INFO] [MONITOR] Processando logo.png...
2025-08-22 15:37:18,033 [INFO] Enviando C:\Users\carlos.santos\Desktop\App_XML\logo.png para o Google Drive: ['ALENCAR CONTABILIDADE LTDA', 'ARQUIVOS', 'png', '2025', '08']
2025-08-22 15:37:18,037 [ERROR] Erro ao enviar/mover arquivo: One of ['client_json_file_path', 'client_json_dict', 'client_json', 'client_pkcs12_file_path'] is required for service authentication
2025-08-22 15:37:18,037 [INFO] [MONITOR] Processando Papel Timbrado A4 Médica Receituário Elegante Dourado (1).pdf...
2025-08-22 15:37:18,038 [INFO] Enviando C:\Users\carlos.santos\Desktop\App_XML\Papel Timbrado A4 Médica Receituário Elegante Dourado (1).pdf para o Google Drive: ['ALENCAR CONTABILIDADE LTDA', 'ARQUIVOS', 'pdf', '2025', '08']
2025-08-22 15:37:18,042 [ERROR] Erro ao enviar/mover arquivo: One of ['client_json_file_path', 'client_json_dict', 'client_json', 'client_pkcs12_file_path'] is required for service authentication
2025-08-22 15:37:18,042 [INFO] [MONITOR] Processando README.md...
2025-08-22 15:37:18,042 [INFO] Enviando C:\Users\carlos.santos\Desktop\App_XML\README.md para o Google Drive: ['ALENCAR CONTABILIDADE LTDA', 'ARQUIVOS', 'md', '2025', '08']
2025-08-22 15:37:18,047 [ERROR] Erro ao enviar/mover arquivo: One of ['client_json_file_path', 'client_json_dict', 'client_json', 'client_pkcs12_file_path'] is required for service authentication
2025-08-22 15:37:18,047 [INFO] [MONITOR] Processando registrar_usuario_eliane.py...
2025-08-22 15:37:18,047 [INFO] Enviando C:\Users\carlos.santos\Desktop\App_XML\registrar_usuario_eliane.py para o Google Drive: ['ALENCAR CONTABILIDADE LTDA', 'ARQUIVOS', 'py', '2025', '08']
2025-08-22 15:37:18,052 [ERROR] Erro ao enviar/mover arquivo: One of ['client_json_file_path', 'client_json_dict', 'client_json', 'client_pkcs12_file_path'] is required for service authentication
2025-08-22 15:37:18,052 [INFO] [MONITOR] Processando requirements.txt...
2025-08-22 15:37:18,052 [INFO] Enviando C:\Users\carlos.santos\Desktop\App_XML\requirements.txt para o Google Drive: ['ALENCAR CONTABILIDADE LTDA', 'ARQUIVOS', 'txt', '2025', '08']
2025-08-22 15:37:18,058 [ERROR] Erro ao enviar/mover arquivo: One of ['client_json_file_path', 'client_json_dict', 'client_json', 'client_pkcs12_file_path'] is required for service authentication
2025-08-22 15:37:18,058 [INFO] [MONITOR] Processando rodar_app.bat...
2025-08-22 15:37:18,058 [INFO] Enviando C:\Users\carlos.santos\Desktop\App_XML\rodar_app.bat para o Google Drive: ['ALENCAR CONTABILIDADE LTDA', 'ARQUIVOS', 'bat', '2025', '08']
2025-08-22 15:37:18,062 [ERROR] Erro ao enviar/mover arquivo: One of ['client_json_file_path', 'client_json_dict', 'client_json', 'client_pkcs12_file_path'] is required for service authentication
2025-08-22 15:37:18,062 [INFO] [MONITOR] Processando rodar_backup_automatico.bat...
2025-08-22 15:37:18,063 [INFO] Enviando C:\Users\carlos.santos\Desktop\App_XML\rodar_backup_automatico.bat para o Google Drive: ['ALENCAR CONTABILIDADE LTDA', 'ARQUIVOS', 'bat', '2025', '08']
2025-08-22 15:37:18,073 [ERROR] Erro ao enviar/mover arquivo: One of ['client_json_file_path', 'client_json_dict', 'client_json', 'client_pkcs12_file_path'] is required for service authentication
2025-08-22 15:37:18,074 [INFO] [MONITOR] Processando usuarios.db...
2025-08-22 15:37:18,074 [INFO] Enviando C:\Users\carlos.santos\Desktop\App_XML\usuarios.db para o Google Drive: ['ALENCAR CONTABILIDADE LTDA', 'ARQUIVOS', 'db', '2025', '08']
2025-08-22 15:37:18,079 [ERROR] Erro ao enviar/mover arquivo: One of ['client_json_file_path', 'client_json_dict', 'client_json', 'client_pkcs12_file_path'] is required for service authentication
2025-08-22 15:37:18,079 [INFO] [MONITOR] Processando usuarios_cadastrados.txt...
2025-08-22 15:37:18,079 [INFO] Enviando C:\Users\carlos.santos\Desktop\App_XML\usuarios_cadastrados.txt para o Google Drive: ['ALENCAR CONTABILIDADE LTDA', 'ARQUIVOS', 'txt', '2025', '08']
2025-08-22 15:37:18,086 [ERROR] Erro ao enviar/mover arquivo: One of ['client_json_file_path', 'client_json_dict', 'client_json', 'client_pkcs12_file_path'] is required for service authentication
2025-08-22 15:37:18,086 [INFO] [MONITOR] Processando yExportaRequirements.bat...
2025-08-22 15:37:18,086 [INFO] Enviando C:\Users\carlos.santos\Desktop\App_XML\yExportaRequirements.bat para o Google Drive: ['ALENCAR CONTABILIDADE LTDA', 'ARQUIVOS', 'bat', '2025', '08']
2025-08-22 15:37:18,091 [ERROR] Erro ao enviar/mover arquivo: One of ['client_json_file_path', 'client_json_dict', 'client_json', 'client_pkcs12_file_path'] is required for service authentication
2025-08-22 15:37:48,094 [INFO] [MONITOR] Arquivos encontrados: ['.gitattributes', '.gitignore', 'app.py', 'atualiza_admin_permissoes.py', 'atualiza_datas_xml.py', 'atualiza_documentos_sql.py', 'atualiza_usuario_documentos.py', 'config.toml', 'config_auth.yaml', 'Contabilina.py', 'Contabilina.spec', 'Contabilina_arquivos.spec', 'credenciais.json', 'cria_tabela_empresas.py', 'docker-compose.yml', 'empresas.db', 'index_embutido_streamlit.html', 'logo.png', 'Papel Timbrado A4 Médica Receituário Elegante Dourado (1).pdf', 'README.md', 'registrar_usuario_eliane.py', 'requirements.txt', 'rodar_app.bat', 'rodar_backup_automatico.bat', 'usuarios.db', 'usuarios_cadastrados.txt', 'yExportaRequirements.bat']
2025-08-22 15:37:48,095 [INFO] [MONITOR] Processando .gitattributes...
2025-08-22 15:37:48,095 [INFO] Enviando C:\Users\carlos.santos\Desktop\App_XML\.gitattributes para o Google Drive: ['ALENCAR CONTABILIDADE LTDA', 'ARQUIVOS', 'outros', '2025', '08']
2025-08-22 15:37:48,099 [ERROR] Erro ao enviar/mover arquivo: One of ['client_json_file_path', 'client_json_dict', 'client_json', 'client_pkcs12_file_path'] is required for service authentication
2025-08-22 15:37:48,099 [INFO] [MONITOR] Processando .gitignore...
2025-08-22 15:37:48,099 [INFO] Enviando C:\Users\carlos.santos\Desktop\App_XML\.gitignore para o Google Drive: ['ALENCAR CONTABILIDADE LTDA', 'ARQUIVOS', 'outros', '2025', '08']
2025-08-22 15:37:48,117 [ERROR] Erro ao enviar/mover arquivo: One of ['client_json_file_path', 'client_json_dict', 'client_json', 'client_pkcs12_file_path'] is required for service authentication
2025-08-22 15:37:48,117 [INFO] [MONITOR] Processando app.py...
2025-08-22 15:37:48,117 [INFO] Enviando C:\Users\carlos.santos\Desktop\App_XML\app.py para o Google Drive: ['ALENCAR CONTABILIDADE LTDA', 'ARQUIVOS', 'py', '2025', '08']
2025-08-22 15:37:48,133 [ERROR] Erro ao enviar/mover arquivo: One of ['client_json_file_path', 'client_json_dict', 'client_json', 'client_pkcs12_file_path'] is required for service authentication
2025-08-22 15:37:48,133 [INFO] [MONITOR] Processando atualiza_admin_permissoes.py...
2025-08-22 15:37:48,133 [INFO] Enviando C:\Users\carlos.santos\Desktop\App_XML\atualiza_admin_permissoes.py para o Google Drive: ['ALENCAR CONTABILIDADE LTDA', 'ARQUIVOS', 'py', '2025', '08']
2025-08-22 15:37:48,137 [ERROR] Erro ao enviar/mover arquivo: One of ['client_json_file_path', 'client_json_dict', 'client_json', 'client_pkcs12_file_path'] is required for service authentication
2025-08-22 15:37:48,137 [INFO] [MONITOR] Processando atualiza_datas_xml.py...
2025-08-22 15:37:48,137 [INFO] Enviando C:\Users\carlos.santos\Desktop\App_XML\atualiza_datas_xml.py para o Google Drive: ['ALENCAR CONTABILIDADE LTDA', 'ARQUIVOS', 'py', '2025', '08']
2025-08-22 15:37:48,149 [ERROR] Erro ao enviar/mover arquivo: One of ['client_json_file_path', 'client_json_dict', 'client_json', 'client_pkcs12_file_path'] is required for service authentication
2025-08-22 15:37:48,149 [INFO] [MONITOR] Processando atualiza_documentos_sql.py...
2025-08-22 15:37:48,149 [INFO] Enviando C:\Users\carlos.santos\Desktop\App_XML\atualiza_documentos_sql.py para o Google Drive: ['ALENCAR CONTABILIDADE LTDA', 'ARQUIVOS', 'py', '2025', '08']
2025-08-22 15:37:48,153 [ERROR] Erro ao enviar/mover arquivo: One of ['client_json_file_path', 'client_json_dict', 'client_json', 'client_pkcs12_file_path'] is required for service authentication
2025-08-22 15:37:48,153 [INFO] [MONITOR] Processando atualiza_usuario_documentos.py...
2025-08-22 15:37:48,153 [INFO] Enviando C:\Users\carlos.santos\Desktop\App_XML\atualiza_usuario_documentos.py para o Google Drive: ['ALENCAR CONTABILIDADE LTDA', 'ARQUIVOS', 'py', '2025', '08']
2025-08-22 15:37:48,156 [ERROR] Erro ao enviar/mover arquivo: One of ['client_json_file_path', 'client_json_dict', 'client_json', 'client_pkcs12_file_path'] is required for service authentication
2025-08-22 15:37:48,156 [INFO] [MONITOR] Processando config.toml...
2025-08-22 15:37:48,157 [INFO] Enviando C:\Users\carlos.santos\Desktop\App_XML\config.toml para o Google Drive: ['ALENCAR CONTABILIDADE LTDA', 'ARQUIVOS', 'toml', '2025', '08']
2025-08-22 15:37:48,162 [ERROR] Erro ao enviar/mover arquivo: One of ['client_json_file_path', 'client_json_dict', 'client_json', 'client_pkcs12_file_path'] is required for service authentication
2025-08-22 15:37:48,162 [INFO] [MONITOR] Processando config_auth.yaml...
2025-08-22 15:37:48,163 [INFO] Enviando C:\Users\carlos.santos\Desktop\App_XML\config_auth.yaml para o Google Drive: ['ALENCAR CONTABILIDADE LTDA', 'ARQUIVOS', 'yaml', '2025', '08']
2025-08-22 15:37:48,180 [ERROR] Erro ao enviar/mover arquivo: One of ['client_json_file_path', 'client_json_dict', 'client_json', 'client_pkcs12_file_path'] is required for service authentication
2025-08-22 15:37:48,180 [INFO] [MONITOR] Processando Contabilina.py...
2025-08-22 15:37:48,180 [INFO] Enviando C:\Users\carlos.santos\Desktop\App_XML\Contabilina.py para o Google Drive: ['ALENCAR CONTABILIDADE LTDA', 'ARQUIVOS', 'py', '2025', '08']
2025-08-22 15:37:48,183 [ERROR] Erro ao enviar/mover arquivo: One of ['client_json_file_path', 'client_json_dict', 'client_json', 'client_pkcs12_file_path'] is required for service authentication
2025-08-22 15:37:48,184 [INFO] [MONITOR] Processando Contabilina.spec...
2025-08-22 15:37:48,184 [INFO] Enviando C:\Users\carlos.santos\Desktop\App_XML\Contabilina.spec para o Google Drive: ['ALENCAR CONTABILIDADE LTDA', 'ARQUIVOS', 'spec', '2025', '08']
2025-08-22 15:37:48,195 [ERROR] Erro ao enviar/mover arquivo: One of ['client_json_file_path', 'client_json_dict', 'client_json', 'client_pkcs12_file_path'] is required for service authentication
2025-08-22 15:37:48,195 [INFO] [MONITOR] Processando Contabilina_arquivos.spec...
2025-08-22 15:37:48,195 [INFO] Enviando C:\Users\carlos.santos\Desktop\App_XML\Contabilina_arquivos.spec para o Google Drive: ['ALENCAR CONTABILIDADE LTDA', 'ARQUIVOS', 'spec', '2025', '08']
2025-08-22 15:37:48,211 [ERROR] Erro ao enviar/mover arquivo: One of ['client_json_file_path', 'client_json_dict', 'client_json', 'client_pkcs12_file_path'] is required for service authentication
2025-08-22 15:37:48,211 [INFO] [MONITOR] Processando credenciais.json...
2025-08-22 15:37:48,212 [INFO] Enviando C:\Users\carlos.santos\Desktop\App_XML\credenciais.json para o Google Drive: ['ALENCAR CONTABILIDADE LTDA', 'ARQUIVOS', 'json', '2025', '08']
2025-08-22 15:37:48,227 [ERROR] Erro ao enviar/mover arquivo: One of ['client_json_file_path', 'client_json_dict', 'client_json', 'client_pkcs12_file_path'] is required for service authentication
2025-08-22 15:37:48,228 [INFO] [MONITOR] Processando cria_tabela_empresas.py...
2025-08-22 15:37:48,228 [INFO] Enviando C:\Users\carlos.santos\Desktop\App_XML\cria_tabela_empresas.py para o Google Drive: ['ALENCAR CONTABILIDADE LTDA', 'ARQUIVOS', 'py', '2025', '08']
2025-08-22 15:37:48,241 [ERROR] Erro ao enviar/mover arquivo: One of ['client_json_file_path', 'client_json_dict', 'client_json', 'client_pkcs12_file_path'] is required for service authentication
2025-08-22 15:37:48,241 [INFO] [MONITOR] Processando docker-compose.yml...
2025-08-22 15:37:48,241 [INFO] Enviando C:\Users\carlos.santos\Desktop\App_XML\docker-compose.yml para o Google Drive: ['ALENCAR CONTABILIDADE LTDA', 'ARQUIVOS', 'yml', '2025', '08']
2025-08-22 15:37:48,245 [ERROR] Erro ao enviar/mover arquivo: One of ['client_json_file_path', 'client_json_dict', 'client_json', 'client_pkcs12_file_path'] is required for service authentication
2025-08-22 15:37:48,245 [INFO] [MONITOR] Processando empresas.db...
2025-08-22 15:37:48,245 [INFO] Enviando C:\Users\carlos.santos\Desktop\App_XML\empresas.db para o Google Drive: ['ALENCAR CONTABILIDADE LTDA', 'ARQUIVOS', 'db', '2025', '08']
2025-08-22 15:37:48,249 [ERROR] Erro ao enviar/mover arquivo: One of ['client_json_file_path', 'client_json_dict', 'client_json', 'client_pkcs12_file_path'] is required for service authentication
2025-08-22 15:37:48,249 [INFO] [MONITOR] Processando index_embutido_streamlit.html...
2025-08-22 15:37:48,249 [INFO] Enviando C:\Users\carlos.santos\Desktop\App_XML\index_embutido_streamlit.html para o Google Drive: ['ALENCAR CONTABILIDADE LTDA', 'ARQUIVOS', 'html', '2025', '08']
2025-08-22 15:37:48,252 [ERROR] Erro ao enviar/mover arquivo: One of ['client_json_file_path', 'client_json_dict', 'client_json', 'client_pkcs12_file_path'] is required for service authentication
2025-08-22 15:37:48,252 [INFO] [MONITOR] Processando logo.png...
2025-08-22 15:37:48,252 [INFO] Enviando C:\Users\carlos.santos\Desktop\App_XML\logo.png para o Google Drive: ['ALENCAR CONTABILIDADE LTDA', 'ARQUIVOS', 'png', '2025', '08']
2025-08-22 15:37:48,257 [ERROR] Erro ao enviar/mover arquivo: One of ['client_json_file_path', 'client_json_dict', 'client_json', 'client_pkcs12_file_path'] is required for service authentication
2025-08-22 15:37:48,257 [INFO] [MONITOR] Processando Papel Timbrado A4 Médica Receituário Elegante Dourado (1).pdf...
2025-08-22 15:37:48,257 [INFO] Enviando C:\Users\carlos.santos\Desktop\App_XML\Papel Timbrado A4 Médica Receituário Elegante Dourado (1).pdf para o Google Drive: ['ALENCAR CONTABILIDADE LTDA', 'ARQUIVOS', 'pdf', '2025', '08']
2025-08-22 15:37:48,273 [ERROR] Erro ao enviar/mover arquivo: One of ['client_json_file_path', 'client_json_dict', 'client_json', 'client_pkcs12_file_path'] is required for service authentication
2025-08-22 15:37:48,273 [INFO] [MONITOR] Processando README.md...
2025-08-22 15:37:48,273 [INFO] Enviando C:\Users\carlos.santos\Desktop\App_XML\README.md para o Google Drive: ['ALENCAR CONTABILIDADE LTDA', 'ARQUIVOS', 'md', '2025', '08']
2025-08-22 15:37:48,276 [ERROR] Erro ao enviar/mover arquivo: One of ['client_json_file_path', 'client_json_dict', 'client_json', 'client_pkcs12_file_path'] is required for service authentication
2025-08-22 15:37:48,277 [INFO] [MONITOR] Processando registrar_usuario_eliane.py...
2025-08-22 15:37:48,277 [INFO] Enviando C:\Users\carlos.santos\Desktop\App_XML\registrar_usuario_eliane.py para o Google Drive: ['ALENCAR CONTABILIDADE LTDA', 'ARQUIVOS', 'py', '2025', '08']
2025-08-22 15:37:48,280 [ERROR] Erro ao enviar/mover arquivo: One of ['client_json_file_path', 'client_json_dict', 'client_json', 'client_pkcs12_file_path'] is required for service authentication
2025-08-22 15:37:48,281 [INFO] [MONITOR] Processando requirements.txt...
2025-08-22 15:37:48,281 [INFO] Enviando C:\Users\carlos.santos\Desktop\App_XML\requirements.txt para o Google Drive: ['ALENCAR CONTABILIDADE LTDA', 'ARQUIVOS', 'txt', '2025', '08']
2025-08-22 15:37:48,284 [ERROR] Erro ao enviar/mover arquivo: One of ['client_json_file_path', 'client_json_dict', 'client_json', 'client_pkcs12_file_path'] is required for service authentication
2025-08-22 15:37:48,284 [INFO] [MONITOR] Processando rodar_app.bat...
2025-08-22 15:37:48,284 [INFO] Enviando C:\Users\carlos.santos\Desktop\App_XML\rodar_app.bat para o Google Drive: ['ALENCAR CONTABILIDADE LTDA', 'ARQUIVOS', 'bat', '2025', '08']
2025-08-22 15:37:48,287 [ERROR] Erro ao enviar/mover arquivo: One of ['client_json_file_path', 'client_json_dict', 'client_json', 'client_pkcs12_file_path'] is required for service authentication
2025-08-22 15:37:48,287 [INFO] [MONITOR] Processando rodar_backup_automatico.bat...
2025-08-22 15:37:48,288 [INFO] Enviando C:\Users\carlos.santos\Desktop\App_XML\rodar_backup_automatico.bat para o Google Drive: ['ALENCAR CONTABILIDADE LTDA', 'ARQUIVOS', 'bat', '2025', '08']
2025-08-22 15:37:48,291 [ERROR] Erro ao enviar/mover arquivo: One of ['client_json_file_path', 'client_json_dict', 'client_json', 'client_pkcs12_file_path'] is required for service authentication
2025-08-22 15:37:48,291 [INFO] [MONITOR] Processando usuarios.db...
2025-08-22 15:37:48,291 [INFO] Enviando C:\Users\carlos.santos\Desktop\App_XML\usuarios.db para o Google Drive: ['ALENCAR CONTABILIDADE LTDA', 'ARQUIVOS', 'db', '2025', '08']
2025-08-22 15:37:48,305 [ERROR] Erro ao enviar/mover arquivo: One of ['client_json_file_path', 'client_json_dict', 'client_json', 'client_pkcs12_file_path'] is required for service authentication
2025-08-22 15:37:48,305 [INFO] [MONITOR] Processando usuarios_cadastrados.txt...
2025-08-22 15:37:48,305 [INFO] Enviando C:\Users\carlos.santos\Desktop\App_XML\usuarios_cadastrados.txt para o Google Drive: ['ALENCAR CONTABILIDADE LTDA', 'ARQUIVOS', 'txt', '2025', '08']
2025-08-22 15:37:48,308 [ERROR] Erro ao enviar/mover arquivo: One of ['client_json_file_path', 'client_json_dict', 'client_json', 'client_pkcs12_file_path'] is required for service authentication
2025-08-22 15:37:48,308 [INFO] [MONITOR] Processando yExportaRequirements.bat...
2025-08-22 15:37:48,309 [INFO] Enviando C:\Users\carlos.santos\Desktop\App_XML\yExportaRequirements.bat para o Google Drive: ['ALENCAR CONTABILIDADE LTDA', 'ARQUIVOS', 'bat', '2025', '08']
2025-08-22 15:37:48,312 [ERROR] Erro ao enviar/mover arquivo: One of ['client_json_file_path', 'client_json_dict', 'client_json', 'client_pkcs12_file_path'] is required for service authentication
2025-08-22 15:38:18,296 [INFO] [INICIO] Serviço Contabilina_arquivos iniciado!
2025-08-22 15:38:18,297 [INFO] [MONITOR] Monitorando a pasta por novos arquivos...
2025-08-22 15:38:18,297 [INFO] [MONITOR] Pasta monitorada: C:\Users\carlos.santos\Desktop\App_XML
2025-08-22 15:38:18,297 [INFO] [INICIO] Carregando ícone: c:\Users\carlos.santos\Desktop\App_XML\imagens\CONTABELINA.ico
2025-08-22 15:38:18,304 [INFO] [MONITOR] Arquivos encontrados: ['.gitattributes', '.gitignore', 'app.py', 'atualiza_admin_permissoes.py', 'atualiza_datas_xml.py', 'atualiza_documentos_sql.py', 'atualiza_usuario_documentos.py', 'config.toml', 'config_auth.yaml', 'Contabilina.py', 'Contabilina.spec', 'Contabilina_arquivos.spec', 'credenciais.json', 'cria_tabela_empresas.py', 'docker-compose.yml', 'empresas.db', 'index_embutido_streamlit.html', 'logo.png', 'Papel Timbrado A4 Médica Receituário Elegante Dourado (1).pdf', 'README.md', 'registrar_usuario_eliane.py', 'requirements.txt', 'rodar_app.bat', 'rodar_backup_automatico.bat', 'usuarios.db', 'usuarios_cadastrados.txt', 'yExportaRequirements.bat']
2025-08-22 15:38:18,304 [INFO] [MONITOR] Processando .gitattributes...
2025-08-22 15:38:18,304 [INFO] Enviando C:\Users\carlos.santos\Desktop\App_XML\.gitattributes para o Google Drive: ['ALENCAR CONTABILIDADE LTDA', 'ARQUIVOS', 'outros', '2025', '08']
2025-08-22 15:38:18,304 [ERROR] Erro ao enviar/mover arquivo: GoogleAuth.ServiceAuth() got an unexpected keyword argument 'client_json_dict'
2025-08-22 15:38:18,304 [INFO] [MONITOR] Processando .gitignore...
2025-08-22 15:38:18,304 [INFO] Enviando C:\Users\carlos.santos\Desktop\App_XML\.gitignore para o Google Drive: ['ALENCAR CONTABILIDADE LTDA', 'ARQUIVOS', 'outros', '2025', '08']
2025-08-22 15:38:18,304 [ERROR] Erro ao enviar/mover arquivo: GoogleAuth.ServiceAuth() got an unexpected keyword argument 'client_json_dict'
2025-08-22 15:38:18,305 [INFO] [MONITOR] Processando app.py...
2025-08-22 15:38:18,305 [INFO] Enviando C:\Users\carlos.santos\Desktop\App_XML\app.py para o Google Drive: ['ALENCAR CONTABILIDADE LTDA', 'ARQUIVOS', 'py', '2025', '08']
2025-08-22 15:38:18,305 [ERROR] Erro ao enviar/mover arquivo: GoogleAuth.ServiceAuth() got an unexpected keyword argument 'client_json_dict'
2025-08-22 15:38:18,305 [INFO] [MONITOR] Processando atualiza_admin_permissoes.py...
2025-08-22 15:38:18,305 [INFO] Enviando C:\Users\carlos.santos\Desktop\App_XML\atualiza_admin_permissoes.py para o Google Drive: ['ALENCAR CONTABILIDADE LTDA', 'ARQUIVOS', 'py', '2025', '08']
2025-08-22 15:38:18,305 [ERROR] Erro ao enviar/mover arquivo: GoogleAuth.ServiceAuth() got an unexpected keyword argument 'client_json_dict'
2025-08-22 15:38:18,305 [INFO] [MONITOR] Processando atualiza_datas_xml.py...
2025-08-22 15:38:18,305 [INFO] Enviando C:\Users\carlos.santos\Desktop\App_XML\atualiza_datas_xml.py para o Google Drive: ['ALENCAR CONTABILIDADE LTDA', 'ARQUIVOS', 'py', '2025', '08']
2025-08-22 15:38:18,306 [ERROR] Erro ao enviar/mover arquivo: GoogleAuth.ServiceAuth() got an unexpected keyword argument 'client_json_dict'
2025-08-22 15:38:18,306 [INFO] [MONITOR] Processando atualiza_documentos_sql.py...
2025-08-22 15:38:18,306 [INFO] Enviando C:\Users\carlos.santos\Desktop\App_XML\atualiza_documentos_sql.py para o Google Drive: ['ALENCAR CONTABILIDADE LTDA', 'ARQUIVOS', 'py', '2025', '08']
2025-08-22 15:38:18,306 [ERROR] Erro ao enviar/mover arquivo: GoogleAuth.ServiceAuth() got an unexpected keyword argument 'client_json_dict'
2025-08-22 15:38:18,307 [INFO] [MONITOR] Processando atualiza_usuario_documentos.py...
2025-08-22 15:38:18,307 [INFO] Enviando C:\Users\carlos.santos\Desktop\App_XML\atualiza_usuario_documentos.py para o Google Drive: ['ALENCAR CONTABILIDADE LTDA', 'ARQUIVOS', 'py', '2025', '08']
2025-08-22 15:38:18,307 [ERROR] Erro ao enviar/mover arquivo: GoogleAuth.ServiceAuth() got an unexpected keyword argument 'client_json_dict'
2025-08-22 15:38:18,307 [INFO] [MONITOR] Processando config.toml...
2025-08-22 15:38:18,307 [INFO] Enviando C:\Users\carlos.santos\Desktop\App_XML\config.toml para o Google Drive: ['ALENCAR CONTABILIDADE LTDA', 'ARQUIVOS', 'toml', '2025', '08']
2025-08-22 15:38:18,308 [ERROR] Erro ao enviar/mover arquivo: GoogleAuth.ServiceAuth() got an unexpected keyword argument 'client_json_dict'
2025-08-22 15:38:18,308 [INFO] [MONITOR] Processando config_auth.yaml...
2025-08-22 15:38:18,308 [INFO] Enviando C:\Users\carlos.santos\Desktop\App_XML\config_auth.yaml para o Google Drive: ['ALENCAR CONTABILIDADE LTDA', 'ARQUIVOS', 'yaml', '2025', '08']
2025-08-22 15:38:18,309 [ERROR] Erro ao enviar/mover arquivo: GoogleAuth.ServiceAuth() got an unexpected keyword argument 'client_json_dict'
2025-08-22 15:38:18,309 [INFO] [MONITOR] Processando Contabilina.py...
2025-08-22 15:38:18,309 [INFO] Enviando C:\Users\carlos.santos\Desktop\App_XML\Contabilina.py para o Google Drive: ['ALENCAR CONTABILIDADE LTDA', 'ARQUIVOS', 'py', '2025', '08']
2025-08-22 15:38:18,309 [ERROR] Erro ao enviar/mover arquivo: GoogleAuth.ServiceAuth() got an unexpected keyword argument 'client_json_dict'
2025-08-22 15:38:18,309 [INFO] [MONITOR] Processando Contabilina.spec...
2025-08-22 15:38:18,309 [INFO] Enviando C:\Users\carlos.santos\Desktop\App_XML\Contabilina.spec para o Google Drive: ['ALENCAR CONTABILIDADE LTDA', 'ARQUIVOS', 'spec', '2025', '08']
2025-08-22 15:38:18,310 [ERROR] Erro ao enviar/mover arquivo: GoogleAuth.ServiceAuth() got an unexpected keyword argument 'client_json_dict'
2025-08-22 15:38:18,310 [INFO] [MONITOR] Processando Contabilina_arquivos.spec...
2025-08-22 15:38:18,310 [INFO] Enviando C:\Users\carlos.santos\Desktop\App_XML\Contabilina_arquivos.spec para o Google Drive: ['ALENCAR CONTABILIDADE LTDA', 'ARQUIVOS', 'spec', '2025', '08']
2025-08-22 15:38:18,310 [ERROR] Erro ao enviar/mover arquivo: GoogleAuth.ServiceAuth() got an unexpected keyword argument 'client_json_dict'
2025-08-22 15:38:18,310 [INFO] [MONITOR] Processando credenciais.json...
2025-08-22 15:38:18,311 [INFO] Enviando C:\Users\carlos.santos\Desktop\App_XML\credenciais.json para o Google Drive: ['ALENCAR CONTABILIDADE LTDA', 'ARQUIVOS', 'json', '2025', '08']
2025-08-22 15:38:18,311 [ERROR] Erro ao enviar/mover arquivo: GoogleAuth.ServiceAuth() got an unexpected keyword argument 'client_json_dict'
2025-08-22 15:38:18,311 [INFO] [MONITOR] Processando cria_tabela_empresas.py...
2025-08-22 15:38:18,311 [INFO] Enviando C:\Users\carlos.santos\Desktop\App_XML\cria_tabela_empresas.py para o Google Drive: ['ALENCAR CONTABILIDADE LTDA', 'ARQUIVOS', 'py', '2025', '08']
2025-08-22 15:38:18,311 [ERROR] Erro ao enviar/mover arquivo: GoogleAuth.ServiceAuth() got an unexpected keyword argument 'client_json_dict'
2025-08-22 15:38:18,311 [INFO] [MONITOR] Processando docker-compose.yml...
2025-08-22 15:38:18,312 [INFO] Enviando C:\Users\carlos.santos\Desktop\App_XML\docker-compose.yml para o Google Drive: ['ALENCAR CONTABILIDADE LTDA', 'ARQUIVOS', 'yml', '2025', '08']
2025-08-22 15:38:18,312 [ERROR] Erro ao enviar/mover arquivo: GoogleAuth.ServiceAuth() got an unexpected keyword argument 'client_json_dict'
2025-08-22 15:38:18,312 [INFO] [MONITOR] Processando empresas.db...
2025-08-22 15:38:18,312 [INFO] Enviando C:\Users\carlos.santos\Desktop\App_XML\empresas.db para o Google Drive: ['ALENCAR CONTABILIDADE LTDA', 'ARQUIVOS', 'db', '2025', '08']
2025-08-22 15:38:18,313 [ERROR] Erro ao enviar/mover arquivo: GoogleAuth.ServiceAuth() got an unexpected keyword argument 'client_json_dict'
2025-08-22 15:38:18,313 [INFO] [MONITOR] Processando index_embutido_streamlit.html...
2025-08-22 15:38:18,313 [INFO] Enviando C:\Users\carlos.santos\Desktop\App_XML\index_embutido_streamlit.html para o Google Drive: ['ALENCAR CONTABILIDADE LTDA', 'ARQUIVOS', 'html', '2025', '08']
2025-08-22 15:38:18,313 [ERROR] Erro ao enviar/mover arquivo: GoogleAuth.ServiceAuth() got an unexpected keyword argument 'client_json_dict'
2025-08-22 15:38:18,313 [INFO] [MONITOR] Processando logo.png...
2025-08-22 15:38:18,313 [INFO] Enviando C:\Users\carlos.santos\Desktop\App_XML\logo.png para o Google Drive: ['ALENCAR CONTABILIDADE LTDA', 'ARQUIVOS', 'png', '2025', '08']
2025-08-22 15:38:18,314 [ERROR] Erro ao enviar/mover arquivo: GoogleAuth.ServiceAuth() got an unexpected keyword argument 'client_json_dict'
2025-08-22 15:38:18,314 [INFO] [MONITOR] Processando Papel Timbrado A4 Médica Receituário Elegante Dourado (1).pdf...
2025-08-22 15:38:18,314 [INFO] Enviando C:\Users\carlos.santos\Desktop\App_XML\Papel Timbrado A4 Médica Receituário Elegante Dourado (1).pdf para o Google Drive: ['ALENCAR CONTABILIDADE LTDA', 'ARQUIVOS', 'pdf', '2025', '08']
2025-08-22 15:38:18,314 [ERROR] Erro ao enviar/mover arquivo: GoogleAuth.ServiceAuth() got an unexpected keyword argument 'client_json_dict'
2025-08-22 15:38:18,314 [INFO] [MONITOR] Processando README.md...
2025-08-22 15:38:18,315 [INFO] Enviando C:\Users\carlos.santos\Desktop\App_XML\README.md para o Google Drive: ['ALENCAR CONTABILIDADE LTDA', 'ARQUIVOS', 'md', '2025', '08']
2025-08-22 15:38:18,315 [ERROR] Erro ao enviar/mover arquivo: GoogleAuth.ServiceAuth() got an unexpected keyword argument 'client_json_dict'
2025-08-22 15:38:18,315 [INFO] [MONITOR] Processando registrar_usuario_eliane.py...
2025-08-22 15:38:18,315 [INFO] Enviando C:\Users\carlos.santos\Desktop\App_XML\registrar_usuario_eliane.py para o Google Drive: ['ALENCAR CONTABILIDADE LTDA', 'ARQUIVOS', 'py', '2025', '08']
2025-08-22 15:38:18,315 [ERROR] Erro ao enviar/mover arquivo: GoogleAuth.ServiceAuth() got an unexpected keyword argument 'client_json_dict'
2025-08-22 15:38:18,315 [INFO] [MONITOR] Processando requirements.txt...
2025-08-22 15:38:18,315 [INFO] Enviando C:\Users\carlos.santos\Desktop\App_XML\requirements.txt para o Google Drive: ['ALENCAR CONTABILIDADE LTDA', 'ARQUIVOS', 'txt', '2025', '08']
2025-08-22 15:38:18,316 [ERROR] Erro ao enviar/mover arquivo: GoogleAuth.ServiceAuth() got an unexpected keyword argument 'client_json_dict'
2025-08-22 15:38:18,316 [INFO] [MONITOR] Processando rodar_app.bat...
2025-08-22 15:38:18,316 [INFO] Enviando C:\Users\carlos.santos\Desktop\App_XML\rodar_app.bat para o Google Drive: ['ALENCAR CONTABILIDADE LTDA', 'ARQUIVOS', 'bat', '2025', '08']
2025-08-22 15:38:18,317 [ERROR] Erro ao enviar/mover arquivo: GoogleAuth.ServiceAuth() got an unexpected keyword argument 'client_json_dict'
2025-08-22 15:38:18,317 [INFO] [MONITOR] Processando rodar_backup_automatico.bat...
2025-08-22 15:38:18,317 [INFO] Enviando C:\Users\carlos.santos\Desktop\App_XML\rodar_backup_automatico.bat para o Google Drive: ['ALENCAR CONTABILIDADE LTDA', 'ARQUIVOS', 'bat', '2025', '08']
2025-08-22 15:38:18,317 [ERROR] Erro ao enviar/mover arquivo: GoogleAuth.ServiceAuth() got an unexpected keyword argument 'client_json_dict'
2025-08-22 15:38:18,317 [INFO] [MONITOR] Processando usuarios.db...
2025-08-22 15:38:18,317 [INFO] Enviando C:\Users\carlos.santos\Desktop\App_XML\usuarios.db para o Google Drive: ['ALENCAR CONTABILIDADE LTDA', 'ARQUIVOS', 'db', '2025', '08']
2025-08-22 15:38:18,318 [ERROR] Erro ao enviar/mover arquivo: GoogleAuth.ServiceAuth() got an unexpected keyword argument 'client_json_dict'
2025-08-22 15:38:18,318 [INFO] [MONITOR] Processando usuarios_cadastrados.txt...
2025-08-22 15:38:18,318 [INFO] Enviando C:\Users\carlos.santos\Desktop\App_XML\usuarios_cadastrados.txt para o Google Drive: ['ALENCAR CONTABILIDADE LTDA', 'ARQUIVOS', 'txt', '2025', '08']
2025-08-22 15:38:18,319 [ERROR] Erro ao enviar/mover arquivo: GoogleAuth.ServiceAuth() got an unexpected keyword argument 'client_json_dict'
2025-08-22 15:38:18,319 [INFO] [MONITOR] Processando yExportaRequirements.bat...
2025-08-22 15:38:18,319 [INFO] Enviando C:\Users\carlos.santos\Desktop\App_XML\yExportaRequirements.bat para o Google Drive: ['ALENCAR CONTABILIDADE LTDA', 'ARQUIVOS', 'bat', '2025', '08']
2025-08-22 15:38:18,319 [ERROR] Erro ao enviar/mover arquivo: GoogleAuth.ServiceAuth() got an unexpected keyword argument 'client_json_dict'
2025-08-22 15:39:31,331 [INFO] [INICIO] Serviço Contabilina_arquivos iniciado!
2025-08-22 15:39:31,332 [INFO] [MONITOR] Monitorando a pasta por novos arquivos...
2025-08-22 15:39:31,333 [INFO] [INICIO] Carregando ícone: c:\Users\carlos.santos\Desktop\App_XML\imagens\CONTABELINA.ico
2025-08-22 15:39:31,333 [INFO] [MONITOR] Pasta monitorada: C:\Users\carlos.santos\Desktop\App_XML
2025-08-22 15:39:31,344 [INFO] [MONITOR] Arquivos encontrados: ['.gitattributes', '.gitignore', 'app.py', 'atualiza_admin_permissoes.py', 'atualiza_datas_xml.py', 'atualiza_documentos_sql.py', 'atualiza_usuario_documentos.py', 'config.toml', 'config_auth.yaml', 'Contabilina.py', 'Contabilina.spec', 'Contabilina_arquivos.spec', 'credenciais.json', 'cria_tabela_empresas.py', 'docker-compose.yml', 'empresas.db', 'index_embutido_streamlit.html', 'logo.png', 'Papel Timbrado A4 Médica Receituário Elegante Dourado (1).pdf', 'README.md', 'registrar_usuario_eliane.py', 'requirements.txt', 'rodar_app.bat', 'rodar_backup_automatico.bat', 'usuarios.db', 'usuarios_cadastrados.txt', 'yExportaRequirements.bat']
2025-08-22 15:39:31,345 [INFO] [MONITOR] Processando .gitattributes...
2025-08-22 15:39:31,345 [INFO] Enviando C:\Users\carlos.santos\Desktop\App_XML\.gitattributes para o Google Drive: ['ALENCAR CONTABILIDADE LTDA', 'ARQUIVOS', 'outros', '2025', '08']
2025-08-22 15:39:31,351 [ERROR] Erro ao enviar/mover arquivo: 'service_config'
2025-08-22 15:39:31,351 [INFO] [MONITOR] Processando .gitignore...
2025-08-22 15:39:31,351 [INFO] Enviando C:\Users\carlos.santos\Desktop\App_XML\.gitignore para o Google Drive: ['ALENCAR CONTABILIDADE LTDA', 'ARQUIVOS', 'outros', '2025', '08']
2025-08-22 15:39:31,354 [ERROR] Erro ao enviar/mover arquivo: 'service_config'
2025-08-22 15:39:31,354 [INFO] [MONITOR] Processando app.py...
2025-08-22 15:39:31,356 [INFO] Enviando C:\Users\carlos.santos\Desktop\App_XML\app.py para o Google Drive: ['ALENCAR CONTABILIDADE LTDA', 'ARQUIVOS', 'py', '2025', '08']
2025-08-22 15:39:31,358 [ERROR] Erro ao enviar/mover arquivo: 'service_config'
2025-08-22 15:39:31,359 [INFO] [MONITOR] Processando atualiza_admin_permissoes.py...
2025-08-22 15:39:31,359 [INFO] Enviando C:\Users\carlos.santos\Desktop\App_XML\atualiza_admin_permissoes.py para o Google Drive: ['ALENCAR CONTABILIDADE LTDA', 'ARQUIVOS', 'py', '2025', '08']
2025-08-22 15:39:31,361 [ERROR] Erro ao enviar/mover arquivo: 'service_config'
2025-08-22 15:39:31,362 [INFO] [MONITOR] Processando atualiza_datas_xml.py...
2025-08-22 15:39:31,362 [INFO] Enviando C:\Users\carlos.santos\Desktop\App_XML\atualiza_datas_xml.py para o Google Drive: ['ALENCAR CONTABILIDADE LTDA', 'ARQUIVOS', 'py', '2025', '08']
2025-08-22 15:39:31,365 [ERROR] Erro ao enviar/mover arquivo: 'service_config'
2025-08-22 15:39:31,365 [INFO] [MONITOR] Processando atualiza_documentos_sql.py...
2025-08-22 15:39:31,365 [INFO] Enviando C:\Users\carlos.santos\Desktop\App_XML\atualiza_documentos_sql.py para o Google Drive: ['ALENCAR CONTABILIDADE LTDA', 'ARQUIVOS', 'py', '2025', '08']
2025-08-22 15:39:31,372 [ERROR] Erro ao enviar/mover arquivo: 'service_config'
2025-08-22 15:39:31,372 [INFO] [MONITOR] Processando atualiza_usuario_documentos.py...
2025-08-22 15:39:31,373 [INFO] Enviando C:\Users\carlos.santos\Desktop\App_XML\atualiza_usuario_documentos.py para o Google Drive: ['ALENCAR CONTABILIDADE LTDA', 'ARQUIVOS', 'py', '2025', '08']
2025-08-22 15:39:31,376 [ERROR] Erro ao enviar/mover arquivo: 'service_config'
2025-08-22 15:39:31,376 [INFO] [MONITOR] Processando config.toml...
2025-08-22 15:39:31,377 [INFO] Enviando C:\Users\carlos.santos\Desktop\App_XML\config.toml para o Google Drive: ['ALENCAR CONTABILIDADE LTDA', 'ARQUIVOS', 'toml', '2025', '08']
2025-08-22 15:39:31,379 [ERROR] Erro ao enviar/mover arquivo: 'service_config'
2025-08-22 15:39:31,380 [INFO] [MONITOR] Processando config_auth.yaml...
2025-08-22 15:39:31,380 [INFO] Enviando C:\Users\carlos.santos\Desktop\App_XML\config_auth.yaml para o Google Drive: ['ALENCAR CONTABILIDADE LTDA', 'ARQUIVOS', 'yaml', '2025', '08']
2025-08-22 15:39:31,382 [ERROR] Erro ao enviar/mover arquivo: 'service_config'
2025-08-22 15:39:31,383 [INFO] [MONITOR] Processando Contabilina.py...
2025-08-22 15:39:31,383 [INFO] Enviando C:\Users\carlos.santos\Desktop\App_XML\Contabilina.py para o Google Drive: ['ALENCAR CONTABILIDADE LTDA', 'ARQUIVOS', 'py', '2025', '08']
2025-08-22 15:39:31,393 [ERROR] Erro ao enviar/mover arquivo: 'service_config'
2025-08-22 15:39:31,393 [INFO] [MONITOR] Processando Contabilina.spec...
2025-08-22 15:39:31,393 [INFO] Enviando C:\Users\carlos.santos\Desktop\App_XML\Contabilina.spec para o Google Drive: ['ALENCAR CONTABILIDADE LTDA', 'ARQUIVOS', 'spec', '2025', '08']
2025-08-22 15:39:31,396 [ERROR] Erro ao enviar/mover arquivo: 'service_config'
2025-08-22 15:39:31,396 [INFO] [MONITOR] Processando Contabilina_arquivos.spec...
2025-08-22 15:39:31,397 [INFO] Enviando C:\Users\carlos.santos\Desktop\App_XML\Contabilina_arquivos.spec para o Google Drive: ['ALENCAR CONTABILIDADE LTDA', 'ARQUIVOS', 'spec', '2025', '08']
2025-08-22 15:39:31,401 [ERROR] Erro ao enviar/mover arquivo: 'service_config'
2025-08-22 15:39:31,402 [INFO] [MONITOR] Processando credenciais.json...
2025-08-22 15:39:31,402 [INFO] Enviando C:\Users\carlos.santos\Desktop\App_XML\credenciais.json para o Google Drive: ['ALENCAR CONTABILIDADE LTDA', 'ARQUIVOS', 'json', '2025', '08']
2025-08-22 15:39:31,404 [ERROR] Erro ao enviar/mover arquivo: 'service_config'
2025-08-22 15:39:31,405 [INFO] [MONITOR] Processando cria_tabela_empresas.py...
2025-08-22 15:39:31,405 [INFO] Enviando C:\Users\carlos.santos\Desktop\App_XML\cria_tabela_empresas.py para o Google Drive: ['ALENCAR CONTABILIDADE LTDA', 'ARQUIVOS', 'py', '2025', '08']
2025-08-22 15:39:31,409 [ERROR] Erro ao enviar/mover arquivo: 'service_config'
2025-08-22 15:39:31,409 [INFO] [MONITOR] Processando docker-compose.yml...
2025-08-22 15:39:31,410 [INFO] Enviando C:\Users\carlos.santos\Desktop\App_XML\docker-compose.yml para o Google Drive: ['ALENCAR CONTABILIDADE LTDA', 'ARQUIVOS', 'yml', '2025', '08']
2025-08-22 15:39:31,420 [ERROR] Erro ao enviar/mover arquivo: 'service_config'
2025-08-22 15:39:31,420 [INFO] [MONITOR] Processando empresas.db...
2025-08-22 15:39:31,420 [INFO] Enviando C:\Users\carlos.santos\Desktop\App_XML\empresas.db para o Google Drive: ['ALENCAR CONTABILIDADE LTDA', 'ARQUIVOS', 'db', '2025', '08']
2025-08-22 15:39:31,425 [ERROR] Erro ao enviar/mover arquivo: 'service_config'
2025-08-22 15:39:31,425 [INFO] [MONITOR] Processando index_embutido_streamlit.html...
2025-08-22 15:39:31,426 [INFO] Enviando C:\Users\carlos.santos\Desktop\App_XML\index_embutido_streamlit.html para o Google Drive: ['ALENCAR CONTABILIDADE LTDA', 'ARQUIVOS', 'html', '2025', '08']
2025-08-22 15:39:31,428 [ERROR] Erro ao enviar/mover arquivo: 'service_config'
2025-08-22 15:39:31,428 [INFO] [MONITOR] Processando logo.png...
2025-08-22 15:39:31,428 [INFO] Enviando C:\Users\carlos.santos\Desktop\App_XML\logo.png para o Google Drive: ['ALENCAR CONTABILIDADE LTDA', 'ARQUIVOS', 'png', '2025', '08']
2025-08-22 15:39:31,431 [ERROR] Erro ao enviar/mover arquivo: 'service_config'
2025-08-22 15:39:31,431 [INFO] [MONITOR] Processando Papel Timbrado A4 Médica Receituário Elegante Dourado (1).pdf...
2025-08-22 15:39:31,431 [INFO] Enviando C:\Users\carlos.santos\Desktop\App_XML\Papel Timbrado A4 Médica Receituário Elegante Dourado (1).pdf para o Google Drive: ['ALENCAR CONTABILIDADE LTDA', 'ARQUIVOS', 'pdf', '2025', '08']
2025-08-22 15:39:31,434 [ERROR] Erro ao enviar/mover arquivo: 'service_config'
2025-08-22 15:39:31,434 [INFO] [MONITOR] Processando README.md...
2025-08-22 15:39:31,435 [INFO] Enviando C:\Users\carlos.santos\Desktop\App_XML\README.md para o Google Drive: ['ALENCAR CONTABILIDADE LTDA', 'ARQUIVOS', 'md', '2025', '08']
2025-08-22 15:39:31,437 [ERROR] Erro ao enviar/mover arquivo: 'service_config'
2025-08-22 15:39:31,437 [INFO] [MONITOR] Processando registrar_usuario_eliane.py...
2025-08-22 15:39:31,437 [INFO] Enviando C:\Users\carlos.santos\Desktop\App_XML\registrar_usuario_eliane.py para o Google Drive: ['ALENCAR CONTABILIDADE LTDA', 'ARQUIVOS', 'py', '2025', '08']
2025-08-22 15:39:31,441 [ERROR] Erro ao enviar/mover arquivo: 'service_config'
2025-08-22 15:39:31,442 [INFO] [MONITOR] Processando requirements.txt...
2025-08-22 15:39:31,442 [INFO] Enviando C:\Users\carlos.santos\Desktop\App_XML\requirements.txt para o Google Drive: ['ALENCAR CONTABILIDADE LTDA', 'ARQUIVOS', 'txt', '2025', '08']
2025-08-22 15:39:31,445 [ERROR] Erro ao enviar/mover arquivo: 'service_config'
2025-08-22 15:39:31,445 [INFO] [MONITOR] Processando rodar_app.bat...
2025-08-22 15:39:31,445 [INFO] Enviando C:\Users\carlos.santos\Desktop\App_XML\rodar_app.bat para o Google Drive: ['ALENCAR CONTABILIDADE LTDA', 'ARQUIVOS', 'bat', '2025', '08']
2025-08-22 15:39:31,453 [ERROR] Erro ao enviar/mover arquivo: 'service_config'
2025-08-22 15:39:31,453 [INFO] [MONITOR] Processando rodar_backup_automatico.bat...
2025-08-22 15:39:31,454 [INFO] Enviando C:\Users\carlos.santos\Desktop\App_XML\rodar_backup_automatico.bat para o Google Drive: ['ALENCAR CONTABILIDADE LTDA', 'ARQUIVOS', 'bat', '2025', '08']
2025-08-22 15:39:31,457 [ERROR] Erro ao enviar/mover arquivo: 'service_config'
2025-08-22 15:39:31,458 [INFO] [MONITOR] Processando usuarios.db...
2025-08-22 15:39:31,458 [INFO] Enviando C:\Users\carlos.santos\Desktop\App_XML\usuarios.db para o Google Drive: ['ALENCAR CONTABILIDADE LTDA', 'ARQUIVOS', 'db', '2025', '08']
2025-08-22 15:39:31,461 [ERROR] Erro ao enviar/mover arquivo: 'service_config'
2025-08-22 15:39:31,461 [INFO] [MONITOR] Processando usuarios_cadastrados.txt...
2025-08-22 15:39:31,461 [INFO] Enviando C:\Users\carlos.santos\Desktop\App_XML\usuarios_cadastrados.txt para o Google Drive: ['ALENCAR CONTABILIDADE LTDA', 'ARQUIVOS', 'txt', '2025', '08']
2025-08-22 15:39:31,463 [ERROR] Erro ao enviar/mover arquivo: 'service_config'
2025-08-22 15:39:31,464 [INFO] [MONITOR] Processando yExportaRequirements.bat...
2025-08-22 15:39:31,464 [INFO] Enviando C:\Users\carlos.santos\Desktop\App_XML\yExportaRequirements.bat para o Google Drive: ['ALENCAR CONTABILIDADE LTDA', 'ARQUIVOS', 'bat', '2025', '08']
2025-08-22 15:39:31,466 [ERROR] Erro ao enviar/mover arquivo: 'service_config'
2025-08-22 15:40:01,468 [INFO] [MONITOR] Arquivos encontrados: ['.gitattributes', '.gitignore', 'app.py', 'atualiza_admin_permissoes.py', 'atualiza_datas_xml.py', 'atualiza_documentos_sql.py', 'atualiza_usuario_documentos.py', 'config.toml', 'config_auth.yaml', 'Contabilina.py', 'Contabilina.spec', 'Contabilina_arquivos.spec', 'credenciais.json', 'cria_tabela_empresas.py', 'docker-compose.yml', 'empresas.db', 'index_embutido_streamlit.html', 'logo.png', 'Papel Timbrado A4 Médica Receituário Elegante Dourado (1).pdf', 'README.md', 'registrar_usuario_eliane.py', 'requirements.txt', 'rodar_app.bat', 'rodar_backup_automatico.bat', 'usuarios.db', 'usuarios_cadastrados.txt', 'yExportaRequirements.bat']
2025-08-22 15:40:01,468 [INFO] [MONITOR] Processando .gitattributes...
2025-08-22 15:40:01,468 [INFO] Enviando C:\Users\carlos.santos\Desktop\App_XML\.gitattributes para o Google Drive: ['ALENCAR CONTABILIDADE LTDA', 'ARQUIVOS', 'outros', '2025', '08']
2025-08-22 15:40:01,469 [ERROR] Erro ao enviar/mover arquivo: 'service_config'
2025-08-22 15:40:01,469 [INFO] [MONITOR] Processando .gitignore...
2025-08-22 15:40:01,469 [INFO] Enviando C:\Users\carlos.santos\Desktop\App_XML\.gitignore para o Google Drive: ['ALENCAR CONTABILIDADE LTDA', 'ARQUIVOS', 'outros', '2025', '08']
2025-08-22 15:40:01,470 [ERROR] Erro ao enviar/mover arquivo: 'service_config'
2025-08-22 15:40:01,470 [INFO] [MONITOR] Processando app.py...
2025-08-22 15:40:01,470 [INFO] Enviando C:\Users\carlos.santos\Desktop\App_XML\app.py para o Google Drive: ['ALENCAR CONTABILIDADE LTDA', 'ARQUIVOS', 'py', '2025', '08']
2025-08-22 15:40:01,471 [ERROR] Erro ao enviar/mover arquivo: 'service_config'
2025-08-22 15:40:01,471 [INFO] [MONITOR] Processando atualiza_admin_permissoes.py...
2025-08-22 15:40:01,471 [INFO] Enviando C:\Users\carlos.santos\Desktop\App_XML\atualiza_admin_permissoes.py para o Google Drive: ['ALENCAR CONTABILIDADE LTDA', 'ARQUIVOS', 'py', '2025', '08']
2025-08-22 15:40:01,472 [ERROR] Erro ao enviar/mover arquivo: 'service_config'
2025-08-22 15:40:01,472 [INFO] [MONITOR] Processando atualiza_datas_xml.py...
2025-08-22 15:40:01,472 [INFO] Enviando C:\Users\carlos.santos\Desktop\App_XML\atualiza_datas_xml.py para o Google Drive: ['ALENCAR CONTABILIDADE LTDA', 'ARQUIVOS', 'py', '2025', '08']
2025-08-22 15:40:01,473 [ERROR] Erro ao enviar/mover arquivo: 'service_config'
2025-08-22 15:40:01,473 [INFO] [MONITOR] Processando atualiza_documentos_sql.py...
2025-08-22 15:40:01,473 [INFO] Enviando C:\Users\carlos.santos\Desktop\App_XML\atualiza_documentos_sql.py para o Google Drive: ['ALENCAR CONTABILIDADE LTDA', 'ARQUIVOS', 'py', '2025', '08']
2025-08-22 15:40:01,474 [ERROR] Erro ao enviar/mover arquivo: 'service_config'
2025-08-22 15:40:01,474 [INFO] [MONITOR] Processando atualiza_usuario_documentos.py...
2025-08-22 15:40:01,474 [INFO] Enviando C:\Users\carlos.santos\Desktop\App_XML\atualiza_usuario_documentos.py para o Google Drive: ['ALENCAR CONTABILIDADE LTDA', 'ARQUIVOS', 'py', '2025', '08']
2025-08-22 15:40:01,475 [ERROR] Erro ao enviar/mover arquivo: 'service_config'
2025-08-22 15:40:01,475 [INFO] [MONITOR] Processando config.toml...
2025-08-22 15:40:01,475 [INFO] Enviando C:\Users\carlos.santos\Desktop\App_XML\config.toml para o Google Drive: ['ALENCAR CONTABILIDADE LTDA', 'ARQUIVOS', 'toml', '2025', '08']
2025-08-22 15:40:01,476 [ERROR] Erro ao enviar/mover arquivo: 'service_config'
2025-08-22 15:40:01,476 [INFO] [MONITOR] Processando config_auth.yaml...
2025-08-22 15:40:01,476 [INFO] Enviando C:\Users\carlos.santos\Desktop\App_XML\config_auth.yaml para o Google Drive: ['ALENCAR CONTABILIDADE LTDA', 'ARQUIVOS', 'yaml', '2025', '08']
2025-08-22 15:40:01,477 [ERROR] Erro ao enviar/mover arquivo: 'service_config'
2025-08-22 15:40:01,477 [INFO] [MONITOR] Processando Contabilina.py...
2025-08-22 15:40:01,477 [INFO] Enviando C:\Users\carlos.santos\Desktop\App_XML\Contabilina.py para o Google Drive: ['ALENCAR CONTABILIDADE LTDA', 'ARQUIVOS', 'py', '2025', '08']
2025-08-22 15:40:01,478 [ERROR] Erro ao enviar/mover arquivo: 'service_config'
2025-08-22 15:40:01,478 [INFO] [MONITOR] Processando Contabilina.spec...
2025-08-22 15:40:01,478 [INFO] Enviando C:\Users\carlos.santos\Desktop\App_XML\Contabilina.spec para o Google Drive: ['ALENCAR CONTABILIDADE LTDA', 'ARQUIVOS', 'spec', '2025', '08']
2025-08-22 15:40:01,479 [ERROR] Erro ao enviar/mover arquivo: 'service_config'
2025-08-22 15:40:01,479 [INFO] [MONITOR] Processando Contabilina_arquivos.spec...
2025-08-22 15:40:01,479 [INFO] Enviando C:\Users\carlos.santos\Desktop\App_XML\Contabilina_arquivos.spec para o Google Drive: ['ALENCAR CONTABILIDADE LTDA', 'ARQUIVOS', 'spec', '2025', '08']
2025-08-22 15:40:01,480 [ERROR] Erro ao enviar/mover arquivo: 'service_config'
2025-08-22 15:40:01,481 [INFO] [MONITOR] Processando credenciais.json...
2025-08-22 15:40:01,481 [INFO] Enviando C:\Users\carlos.santos\Desktop\App_XML\credenciais.json para o Google Drive: ['ALENCAR CONTABILIDADE LTDA', 'ARQUIVOS', 'json', '2025', '08']
2025-08-22 15:40:01,482 [ERROR] Erro ao enviar/mover arquivo: 'service_config'
2025-08-22 15:40:01,482 [INFO] [MONITOR] Processando cria_tabela_empresas.py...
2025-08-22 15:40:01,482 [INFO] Enviando C:\Users\carlos.santos\Desktop\App_XML\cria_tabela_empresas.py para o Google Drive: ['ALENCAR CONTABILIDADE LTDA', 'ARQUIVOS', 'py', '2025', '08']
2025-08-22 15:40:01,483 [ERROR] Erro ao enviar/mover arquivo: 'service_config'
2025-08-22 15:40:01,483 [INFO] [MONITOR] Processando docker-compose.yml...
2025-08-22 15:40:01,483 [INFO] Enviando C:\Users\carlos.santos\Desktop\App_XML\docker-compose.yml para o Google Drive: ['ALENCAR CONTABILIDADE LTDA', 'ARQUIVOS', 'yml', '2025', '08']
2025-08-22 15:40:01,484 [ERROR] Erro ao enviar/mover arquivo: 'service_config'
2025-08-22 15:40:01,484 [INFO] [MONITOR] Processando empresas.db...
2025-08-22 15:40:01,484 [INFO] Enviando C:\Users\carlos.santos\Desktop\App_XML\empresas.db para o Google Drive: ['ALENCAR CONTABILIDADE LTDA', 'ARQUIVOS', 'db', '2025', '08']
2025-08-22 15:40:01,485 [ERROR] Erro ao enviar/mover arquivo: 'service_config'
2025-08-22 15:40:01,485 [INFO] [MONITOR] Processando index_embutido_streamlit.html...
2025-08-22 15:40:01,485 [INFO] Enviando C:\Users\carlos.santos\Desktop\App_XML\index_embutido_streamlit.html para o Google Drive: ['ALENCAR CONTABILIDADE LTDA', 'ARQUIVOS', 'html', '2025', '08']
2025-08-22 15:40:01,486 [ERROR] Erro ao enviar/mover arquivo: 'service_config'
2025-08-22 15:40:01,486 [INFO] [MONITOR] Processando logo.png...
2025-08-22 15:40:01,486 [INFO] Enviando C:\Users\carlos.santos\Desktop\App_XML\logo.png para o Google Drive: ['ALENCAR CONTABILIDADE LTDA', 'ARQUIVOS', 'png', '2025', '08']
2025-08-22 15:40:01,487 [ERROR] Erro ao enviar/mover arquivo: 'service_config'
2025-08-22 15:40:01,487 [INFO] [MONITOR] Processando Papel Timbrado A4 Médica Receituário Elegante Dourado (1).pdf...
2025-08-22 15:40:01,487 [INFO] Enviando C:\Users\carlos.santos\Desktop\App_XML\Papel Timbrado A4 Médica Receituário Elegante Dourado (1).pdf para o Google Drive: ['ALENCAR CONTABILIDADE LTDA', 'ARQUIVOS', 'pdf', '2025', '08']
2025-08-22 15:40:01,488 [ERROR] Erro ao enviar/mover arquivo: 'service_config'
2025-08-22 15:40:01,488 [INFO] [MONITOR] Processando README.md...
2025-08-22 15:40:01,488 [INFO] Enviando C:\Users\carlos.santos\Desktop\App_XML\README.md para o Google Drive: ['ALENCAR CONTABILIDADE LTDA', 'ARQUIVOS', 'md', '2025', '08']
2025-08-22 15:40:01,489 [ERROR] Erro ao enviar/mover arquivo: 'service_config'
2025-08-22 15:40:01,489 [INFO] [MONITOR] Processando registrar_usuario_eliane.py...
2025-08-22 15:40:01,489 [INFO] Enviando C:\Users\carlos.santos\Desktop\App_XML\registrar_usuario_eliane.py para o Google Drive: ['ALENCAR CONTABILIDADE LTDA', 'ARQUIVOS', 'py', '2025', '08']
2025-08-22 15:40:01,490 [ERROR] Erro ao enviar/mover arquivo: 'service_config'
2025-08-22 15:40:01,490 [INFO] [MONITOR] Processando requirements.txt...
2025-08-22 15:40:01,490 [INFO] Enviando C:\Users\carlos.santos\Desktop\App_XML\requirements.txt para o Google Drive: ['ALENCAR CONTABILIDADE LTDA', 'ARQUIVOS', 'txt', '2025', '08']
2025-08-22 15:40:01,491 [ERROR] Erro ao enviar/mover arquivo: 'service_config'
2025-08-22 15:40:01,491 [INFO] [MONITOR] Processando rodar_app.bat...
2025-08-22 15:40:01,491 [INFO] Enviando C:\Users\carlos.santos\Desktop\App_XML\rodar_app.bat para o Google Drive: ['ALENCAR CONTABILIDADE LTDA', 'ARQUIVOS', 'bat', '2025', '08']
2025-08-22 15:40:01,492 [ERROR] Erro ao enviar/mover arquivo: 'service_config'
2025-08-22 15:40:01,492 [INFO] [MONITOR] Processando rodar_backup_automatico.bat...
2025-08-22 15:40:01,492 [INFO] Enviando C:\Users\carlos.santos\Desktop\App_XML\rodar_backup_automatico.bat para o Google Drive: ['ALENCAR CONTABILIDADE LTDA', 'ARQUIVOS', 'bat', '2025', '08']
2025-08-22 15:40:01,493 [ERROR] Erro ao enviar/mover arquivo: 'service_config'
2025-08-22 15:40:01,493 [INFO] [MONITOR] Processando usuarios.db...
2025-08-22 15:40:01,494 [INFO] Enviando C:\Users\carlos.santos\Desktop\App_XML\usuarios.db para o Google Drive: ['ALENCAR CONTABILIDADE LTDA', 'ARQUIVOS', 'db', '2025', '08']
2025-08-22 15:40:01,494 [ERROR] Erro ao enviar/mover arquivo: 'service_config'
2025-08-22 15:40:01,494 [INFO] [MONITOR] Processando usuarios_cadastrados.txt...
2025-08-22 15:40:01,495 [INFO] Enviando C:\Users\carlos.santos\Desktop\App_XML\usuarios_cadastrados.txt para o Google Drive: ['ALENCAR CONTABILIDADE LTDA', 'ARQUIVOS', 'txt', '2025', '08']
2025-08-22 15:40:01,495 [ERROR] Erro ao enviar/mover arquivo: 'service_config'
2025-08-22 15:40:01,496 [INFO] [MONITOR] Processando yExportaRequirements.bat...
2025-08-22 15:40:01,496 [INFO] Enviando C:\Users\carlos.santos\Desktop\App_XML\yExportaRequirements.bat para o Google Drive: ['ALENCAR CONTABILIDADE LTDA', 'ARQUIVOS', 'bat', '2025', '08']
2025-08-22 15:40:01,497 [ERROR] Erro ao enviar/mover arquivo: 'service_config'
2025-08-22 15:40:31,499 [INFO] [MONITOR] Arquivos encontrados: ['.gitattributes', '.gitignore', 'app.py', 'atualiza_admin_permissoes.py', 'atualiza_datas_xml.py', 'atualiza_documentos_sql.py', 'atualiza_usuario_documentos.py', 'config.toml', 'config_auth.yaml', 'Contabilina.py', 'Contabilina.spec', 'Contabilina_arquivos.spec', 'credenciais.json', 'cria_tabela_empresas.py', 'docker-compose.yml', 'empresas.db', 'index_embutido_streamlit.html', 'logo.png', 'Papel Timbrado A4 Médica Receituário Elegante Dourado (1).pdf', 'README.md', 'registrar_usuario_eliane.py', 'requirements.txt', 'rodar_app.bat', 'rodar_backup_automatico.bat', 'usuarios.db', 'usuarios_cadastrados.txt', 'yExportaRequirements.bat']
2025-08-22 15:40:31,499 [INFO] [MONITOR] Processando .gitattributes...
2025-08-22 15:40:31,499 [INFO] Enviando C:\Users\carlos.santos\Desktop\App_XML\.gitattributes para o Google Drive: ['ALENCAR CONTABILIDADE LTDA', 'ARQUIVOS', 'outros', '2025', '08']
2025-08-22 15:40:31,500 [ERROR] Erro ao enviar/mover arquivo: 'service_config'
2025-08-22 15:40:31,501 [INFO] [MONITOR] Processando .gitignore...
2025-08-22 15:40:31,501 [INFO] Enviando C:\Users\carlos.santos\Desktop\App_XML\.gitignore para o Google Drive: ['ALENCAR CONTABILIDADE LTDA', 'ARQUIVOS', 'outros', '2025', '08']
2025-08-22 15:40:31,502 [ERROR] Erro ao enviar/mover arquivo: 'service_config'
2025-08-22 15:40:31,502 [INFO] [MONITOR] Processando app.py...
2025-08-22 15:40:31,503 [INFO] Enviando C:\Users\carlos.santos\Desktop\App_XML\app.py para o Google Drive: ['ALENCAR CONTABILIDADE LTDA', 'ARQUIVOS', 'py', '2025', '08']
2025-08-22 15:40:31,504 [ERROR] Erro ao enviar/mover arquivo: 'service_config'
2025-08-22 15:40:31,504 [INFO] [MONITOR] Processando atualiza_admin_permissoes.py...
2025-08-22 15:40:31,504 [INFO] Enviando C:\Users\carlos.santos\Desktop\App_XML\atualiza_admin_permissoes.py para o Google Drive: ['ALENCAR CONTABILIDADE LTDA', 'ARQUIVOS', 'py', '2025', '08']
2025-08-22 15:40:31,505 [ERROR] Erro ao enviar/mover arquivo: 'service_config'
2025-08-22 15:40:31,506 [INFO] [MONITOR] Processando atualiza_datas_xml.py...
2025-08-22 15:40:31,506 [INFO] Enviando C:\Users\carlos.santos\Desktop\App_XML\atualiza_datas_xml.py para o Google Drive: ['ALENCAR CONTABILIDADE LTDA', 'ARQUIVOS', 'py', '2025', '08']
2025-08-22 15:40:31,507 [ERROR] Erro ao enviar/mover arquivo: 'service_config'
2025-08-22 15:40:31,507 [INFO] [MONITOR] Processando atualiza_documentos_sql.py...
2025-08-22 15:40:31,507 [INFO] Enviando C:\Users\carlos.santos\Desktop\App_XML\atualiza_documentos_sql.py para o Google Drive: ['ALENCAR CONTABILIDADE LTDA', 'ARQUIVOS', 'py', '2025', '08']
2025-08-22 15:40:31,508 [ERROR] Erro ao enviar/mover arquivo: 'service_config'
2025-08-22 15:40:31,508 [INFO] [MONITOR] Processando atualiza_usuario_documentos.py...
2025-08-22 15:40:31,508 [INFO] Enviando C:\Users\carlos.santos\Desktop\App_XML\atualiza_usuario_documentos.py para o Google Drive: ['ALENCAR CONTABILIDADE LTDA', 'ARQUIVOS', 'py', '2025', '08']
2025-08-22 15:40:31,509 [ERROR] Erro ao enviar/mover arquivo: 'service_config'
2025-08-22 15:40:31,509 [INFO] [MONITOR] Processando config.toml...
2025-08-22 15:40:31,509 [INFO] Enviando C:\Users\carlos.santos\Desktop\App_XML\config.toml para o Google Drive: ['ALENCAR CONTABILIDADE LTDA', 'ARQUIVOS', 'toml', '2025', '08']
2025-08-22 15:40:31,510 [ERROR] Erro ao enviar/mover arquivo: 'service_config'
2025-08-22 15:40:31,510 [INFO] [MONITOR] Processando config_auth.yaml...
2025-08-22 15:40:31,510 [INFO] Enviando C:\Users\carlos.santos\Desktop\App_XML\config_auth.yaml para o Google Drive: ['ALENCAR CONTABILIDADE LTDA', 'ARQUIVOS', 'yaml', '2025', '08']
2025-08-22 15:40:31,511 [ERROR] Erro ao enviar/mover arquivo: 'service_config'
2025-08-22 15:40:31,511 [INFO] [MONITOR] Processando Contabilina.py...
2025-08-22 15:40:31,511 [INFO] Enviando C:\Users\carlos.santos\Desktop\App_XML\Contabilina.py para o Google Drive: ['ALENCAR CONTABILIDADE LTDA', 'ARQUIVOS', 'py', '2025', '08']
2025-08-22 15:40:31,512 [ERROR] Erro ao enviar/mover arquivo: 'service_config'
2025-08-22 15:40:31,512 [INFO] [MONITOR] Processando Contabilina.spec...
2025-08-22 15:40:31,512 [INFO] Enviando C:\Users\carlos.santos\Desktop\App_XML\Contabilina.spec para o Google Drive: ['ALENCAR CONTABILIDADE LTDA', 'ARQUIVOS', 'spec', '2025', '08']
2025-08-22 15:40:31,513 [ERROR] Erro ao enviar/mover arquivo: 'service_config'
2025-08-22 15:40:31,513 [INFO] [MONITOR] Processando Contabilina_arquivos.spec...
2025-08-22 15:40:31,513 [INFO] Enviando C:\Users\carlos.santos\Desktop\App_XML\Contabilina_arquivos.spec para o Google Drive: ['ALENCAR CONTABILIDADE LTDA', 'ARQUIVOS', 'spec', '2025', '08']
2025-08-22 15:40:31,514 [ERROR] Erro ao enviar/mover arquivo: 'service_config'
2025-08-22 15:40:31,514 [INFO] [MONITOR] Processando credenciais.json...
2025-08-22 15:40:31,515 [INFO] Enviando C:\Users\carlos.santos\Desktop\App_XML\credenciais.json para o Google Drive: ['ALENCAR CONTABILIDADE LTDA', 'ARQUIVOS', 'json', '2025', '08']
2025-08-22 15:40:31,516 [ERROR] Erro ao enviar/mover arquivo: 'service_config'
2025-08-22 15:40:31,516 [INFO] [MONITOR] Processando cria_tabela_empresas.py...
2025-08-22 15:40:31,516 [INFO] Enviando C:\Users\carlos.santos\Desktop\App_XML\cria_tabela_empresas.py para o Google Drive: ['ALENCAR CONTABILIDADE LTDA', 'ARQUIVOS', 'py', '2025', '08']
2025-08-22 15:40:31,517 [ERROR] Erro ao enviar/mover arquivo: 'service_config'
2025-08-22 15:40:31,517 [INFO] [MONITOR] Processando docker-compose.yml...
2025-08-22 15:40:31,517 [INFO] Enviando C:\Users\carlos.santos\Desktop\App_XML\docker-compose.yml para o Google Drive: ['ALENCAR CONTABILIDADE LTDA', 'ARQUIVOS', 'yml', '2025', '08']
2025-08-22 15:40:31,518 [ERROR] Erro ao enviar/mover arquivo: 'service_config'
2025-08-22 15:40:31,518 [INFO] [MONITOR] Processando empresas.db...
2025-08-22 15:40:31,518 [INFO] Enviando C:\Users\carlos.santos\Desktop\App_XML\empresas.db para o Google Drive: ['ALENCAR CONTABILIDADE LTDA', 'ARQUIVOS', 'db', '2025', '08']
2025-08-22 15:40:31,519 [ERROR] Erro ao enviar/mover arquivo: 'service_config'
2025-08-22 15:40:31,519 [INFO] [MONITOR] Processando index_embutido_streamlit.html...
2025-08-22 15:40:31,519 [INFO] Enviando C:\Users\carlos.santos\Desktop\App_XML\index_embutido_streamlit.html para o Google Drive: ['ALENCAR CONTABILIDADE LTDA', 'ARQUIVOS', 'html', '2025', '08']
2025-08-22 15:40:31,520 [ERROR] Erro ao enviar/mover arquivo: 'service_config'
2025-08-22 15:40:31,521 [INFO] [MONITOR] Processando logo.png...
2025-08-22 15:40:31,521 [INFO] Enviando C:\Users\carlos.santos\Desktop\App_XML\logo.png para o Google Drive: ['ALENCAR CONTABILIDADE LTDA', 'ARQUIVOS', 'png', '2025', '08']
2025-08-22 15:40:31,522 [ERROR] Erro ao enviar/mover arquivo: 'service_config'
2025-08-22 15:40:31,522 [INFO] [MONITOR] Processando Papel Timbrado A4 Médica Receituário Elegante Dourado (1).pdf...
2025-08-22 15:40:31,522 [INFO] Enviando C:\Users\carlos.santos\Desktop\App_XML\Papel Timbrado A4 Médica Receituário Elegante Dourado (1).pdf para o Google Drive: ['ALENCAR CONTABILIDADE LTDA', 'ARQUIVOS', 'pdf', '2025', '08']
2025-08-22 15:40:31,523 [ERROR] Erro ao enviar/mover arquivo: 'service_config'
2025-08-22 15:40:31,523 [INFO] [MONITOR] Processando README.md...
2025-08-22 15:40:31,523 [INFO] Enviando C:\Users\carlos.santos\Desktop\App_XML\README.md para o Google Drive: ['ALENCAR CONTABILIDADE LTDA', 'ARQUIVOS', 'md', '2025', '08']
2025-08-22 15:40:31,524 [ERROR] Erro ao enviar/mover arquivo: 'service_config'
2025-08-22 15:40:31,524 [INFO] [MONITOR] Processando registrar_usuario_eliane.py...
2025-08-22 15:40:31,524 [INFO] Enviando C:\Users\carlos.santos\Desktop\App_XML\registrar_usuario_eliane.py para o Google Drive: ['ALENCAR CONTABILIDADE LTDA', 'ARQUIVOS', 'py', '2025', '08']
2025-08-22 15:40:31,525 [ERROR] Erro ao enviar/mover arquivo: 'service_config'
2025-08-22 15:40:31,525 [INFO] [MONITOR] Processando requirements.txt...
2025-08-22 15:40:31,525 [INFO] Enviando C:\Users\carlos.santos\Desktop\App_XML\requirements.txt para o Google Drive: ['ALENCAR CONTABILIDADE LTDA', 'ARQUIVOS', 'txt', '2025', '08']
2025-08-22 15:40:31,526 [ERROR] Erro ao enviar/mover arquivo: 'service_config'
2025-08-22 15:40:31,526 [INFO] [MONITOR] Processando rodar_app.bat...
2025-08-22 15:40:31,526 [INFO] Enviando C:\Users\carlos.santos\Desktop\App_XML\rodar_app.bat para o Google Drive: ['ALENCAR CONTABILIDADE LTDA', 'ARQUIVOS', 'bat', '2025', '08']
2025-08-22 15:40:31,527 [ERROR] Erro ao enviar/mover arquivo: 'service_config'
2025-08-22 15:40:31,527 [INFO] [MONITOR] Processando rodar_backup_automatico.bat...
2025-08-22 15:40:31,527 [INFO] Enviando C:\Users\carlos.santos\Desktop\App_XML\rodar_backup_automatico.bat para o Google Drive: ['ALENCAR CONTABILIDADE LTDA', 'ARQUIVOS', 'bat', '2025', '08']
2025-08-22 15:40:31,528 [ERROR] Erro ao enviar/mover arquivo: 'service_config'
2025-08-22 15:40:31,528 [INFO] [MONITOR] Processando usuarios.db...
2025-08-22 15:40:31,528 [INFO] Enviando C:\Users\carlos.santos\Desktop\App_XML\usuarios.db para o Google Drive: ['ALENCAR CONTABILIDADE LTDA', 'ARQUIVOS', 'db', '2025', '08']
2025-08-22 15:40:31,529 [ERROR] Erro ao enviar/mover arquivo: 'service_config'
2025-08-22 15:40:31,529 [INFO] [MONITOR] Processando usuarios_cadastrados.txt...
2025-08-22 15:40:31,529 [INFO] Enviando C:\Users\carlos.santos\Desktop\App_XML\usuarios_cadastrados.txt para o Google Drive: ['ALENCAR CONTABILIDADE LTDA', 'ARQUIVOS', 'txt', '2025', '08']
2025-08-22 15:40:31,530 [ERROR] Erro ao enviar/mover arquivo: 'service_config'
2025-08-22 15:40:31,530 [INFO] [MONITOR] Processando yExportaRequirements.bat...
2025-08-22 15:40:31,530 [INFO] Enviando C:\Users\carlos.santos\Desktop\App_XML\yExportaRequirements.bat para o Google Drive: ['ALENCAR CONTABILIDADE LTDA', 'ARQUIVOS', 'bat', '2025', '08']
2025-08-22 15:40:31,531 [ERROR] Erro ao enviar/mover arquivo: 'service_config'
